Priority,Database,Keyword,Seed keyword,Page,Topic,Page type,Tags,Volume,Keyword Difficulty,CPC (USD),Competitive Density,Number of Results,Intent,Status ,Page Type,Target URL,Date Published,SERP Features,Trend,Click potential,Content references,Competitors
skip,us,proposal planner miami,proposal planner,,,Skip,,30,0,1.5,0.59,2560000.0,Commercial,Not Started,,,,"Video, Image, Related Searches, Local Pack, Site Links","1.00,0.18,0.18,0.18,0.18,0.18,0.18,0.18,0.18,0.18,0.18,0.18",,,
skip,us,proposal planner cost,proposal planner,,,Blog,,40,1,0.0,0.16,28500000.0,Informational,Not Started,,,,"People Also Ask, Related Searches, AI Overview, Site Links, Video, Image","0.07,0.07,0.15,0.07,0.11,0.11,0.07,0.26,0.26,0.26,0.15,0.15",20.0,,
skip,us,proposal planner houston,proposal planner,,,Skip,,40,1,1.23,0.25,2350000.0,Informational,Not Started,,,,"Video, People Also Ask, Related Searches","0.06,0.12,0.06,0.06,0.06,0.34,0.12,0.15,0.15,0.15,0.12,0.06",90.0,,
skip,us,proposal planner atlanta,proposal planner,,,Skip,,30,3,3.08,0.11,126.0,Informational,Not Started,,,,"Video, Related Searches, Knowledge Panel","0.28,0.28,0.42,0.28,0.28,0.28,0.42,0.28,0.42,0.42,0.28,0.28",70.0,,
skip,us,proposal planner dallas,proposal planner,,,Skip,,70,4,1.23,0.16,1930000.0,Commercial,Not Started,,,,"Site Links, Video, Image, Related Searches","0.23,0.23,0.23,0.29,0.17,0.52,0.52,0.52,0.52,0.64,0.29,0.41",20.0,,
skip,us,marriage proposal planner la,proposal planner,,,Skip,,40,4,0.0,0.0,154.0,Commercial,Not Started,,,,"Video, Related Searches, Local Pack, Site Links","0.60,1.00,0.60,0.40",20.0,,
skip,us,proposal planner los angeles,proposal planner,,,Skip,,50,6,2.52,0.34,5010000.0,Commercial,Not Started,,,,"Knowledge Panel, Video, Related Searches","0.36,1.00,0.18,0.18,0.18,0.18,0.18,1.00,0.81,0.63,0.63,0.63",70.0,,
skip,us,proposal planner chicago,proposal planner,,,Skip,,30,8,1.47,0.1,5780000.0,Informational,Not Started,,,,"Knowledge Panel, Video, Related Searches","0.22,0.33,0.22,0.22,0.22,0.33,0.55,0.55,0.55,0.55,0.44,0.55",70.0,,
skip,us,proposal planner new york,proposal planner,,,Skip,,90,11,1.88,0.3,149.0,Commercial,Not Started,,,,"Local Pack, Site Links, Video, People Also Ask, Related Searches","0.41,0.52,0.64,0.29,0.41,0.64,0.64,0.82,0.64,0.64,1.00,0.41",20.0,,
skip,us,marriage proposal planner near me,proposal planner,,,Skip,,40,16,1.13,0.2,160.0,Transactional,Not Started,,,,"Local Pack, Site Links, Video, People Also Ask, Related Searches","0.18,0.09,0.27,0.27,0.09,0.18,0.18,0.81,0.81,0.81,1.00,0.81",20.0,,
skip,us,engagement proposal planner near me,proposal planner,,,Skip,,110,20,1.16,0.01,209.0,Transactional,Not Started,,,,"Local Pack, Video, Related Searches, AI Overview","0.11,0.64,0.64,0.64,0.64,0.82,0.41,0.82,1.00,0.11,1.00,0.52",90.0,,
skip,us,proposal planner nyc,proposal planner,,,Skip,,140,23,1.88,0.3,149.0,Commercial,Not Started,,,,"Local Pack, Site Links, Video, Related Searches","0.18,0.23,0.18,0.11,0.15,0.44,0.28,0.35,0.35,0.44,0.44,0.35",20.0,,
skip,us,proposal planner near me,proposal planner,,,Skip,,260,36,1.27,0.3,80700000.0,Transactional,Not Started,,,,"Local Pack, Site Links, Video, Related Searches","0.28,0.35,0.35,0.35,0.35,0.44,0.54,0.54,0.54,0.54,0.44,1.00",20.0,,
skip,us,wedding proposal planner near me,proposal planner,,,Skip,,30,36,1.61,0.07,11400000.0,Transactional,Not Started,,,,"Local Pack, Video, Related Searches","0.28,0.42,0.28,0.28,0.28,0.28,0.42,0.57,0.57,0.28,0.57,1.00",90.0,,
skip,us,marriage proposal planner nyc,proposal planner,,,Skip,,110,42,2.11,0.19,27200000.0,Commercial,Not Started,,,,"Site Links, Video, Related Searches, Local Pack","0.34,0.15,0.34,0.53,0.42,0.34,0.26,0.80,0.65,0.65,1.00,0.53",20.0,,
390,us,full service proposal hawaii,proposal in Hawaii,,,Location Page,,390,0,0.0,0.0,141.0,Informational,Published,,/destinations/hawaii,2026-05-23,"Site Links, Video, Image, Related Searches, AI Overview","1.00,0.00,0.00,0.00,0.00,0.00,0.00",,,
260,us,how to plan a proposal,how to propose,,,Blog,,260,0,0.75,0.33,187.0,Informational,Published,,/blog/how-to-plan-a-proposal,2026-05-06,"Video, Video Carousel, Related Searches, Discussions And Forums, AI Overview","0.65,1.00,1.00,1.00,1.00,0.81,0.65,0.81,1.00,0.81,0.65,0.53",,,
240,us,beach wedding proposal,,,,Blog,,720,2,1.04,0.09,136.0,Informational,Published,,/blog/beach-wedding-proposal,2026-05-07,"Image Pack, Video, Image, Video Carousel, People Also Ask, Related Searches, Short Videos, Discussions And Forums","0.45,0.36,0.62,0.30,0.36,0.45,0.81,0.45,0.45,0.30,0.30,0.30",90.0,,
170,us,beach proposal packages,proposal planner,,,Blog,,170,0,0.87,0.4,153.0,Informational,Published,,/blog/beach-proposal-packages,2026-05-08,"Site Links, Video, Related Searches","0.80,1.00,0.65,0.80,0.65,0.80,0.65,0.42,0.53,0.53,0.53,0.42",,,
170,us,proposal plan,proposal planner,,,Blog,,170,0,1.31,0.08,137.0,Informational,Not Started,,,,"Image Pack, Video, Related Searches, AI Overview","0.54,0.00,0.11,0.11,0.18,0.23,0.23,0.35,0.54,1.00,1.00,0.06",,,
144,us,proposal set up,proposal planner,,,Blog,,720,4,0.79,0.93,144.0,Informational,Published,,/blog/proposal-set-up,2026-05-09,"AI Overview, Image Pack, Site Links, Video, Related Searches, Things To Know","0.72,0.59,0.59,0.72,0.59,0.72,0.88,0.72,0.72,0.72,1.00,1.00",20.0,,
Skip,us,proposal set up service near me,proposal planner,,,Skip,,140,0,1.12,0.39,0.0,"Informational, Transactional",Not Started,,,,"Local Pack, Video, Related Searches, AI Overview","0.10,0.10,0.12,0.19,0.10,0.15,0.15,0.19,0.12,0.19,0.12,0.12",,,
140,us,best places to propose in italy,propose in italy,,,Location Page,,140,0,1.47,0.18,120.0,Commercial,Published,,/destinations/italy,2026-05-27,"Discussions And Forums, AI Overview, Site Links, Video, Related Searches","0.42,0.66,0.66,0.66,0.66,0.80,1.00,0.66,0.33,0.33,0.33,0.42",,,
140,us,switzerland proposal,Switzerland proposal,,,Location Page,,140,0,0.0,0.0,117000000.0,Informational,Published,,/destinations/switzerland,2026-05-27,"Video, Image, Video Carousel, Related Searches, Discussions And Forums, Site Links","0.12,0.34,0.34,0.34,0.21,0.12,0.28,1.00,1.00,0.53,0.21,0.28",,,
140,us,where to propose in nyc,where to propose in,,,Skip,,140,0,1.02,0.38,212000000.0,Commercial,Not Started,,,,"Site Links, Video, Image, Related Searches, AI Overview","0.64,0.82,0.64,0.64,0.64,1.00,0.82,1.00,0.82,1.00,1.00,1.00",,,
130,us,marriage proposal packages,proposal planner,,,Blog,,260,1,1.1,0.95,156000000.0,Informational,Not Started,,,,"Discussions And Forums, Site Links, Video, People Also Ask, Related Searches","0.29,0.35,0.43,0.43,0.43,0.66,0.81,0.66,0.81,0.81,0.66,0.66",20.0,,
130,us,proposal in paris eiffel tower,propose in paris,,,Location Page,,390,2,4.38,0.09,0.0,Informational,Published,,/destinations/paris,2026-06-05,"Related Searches, Site Links, Video, Image, Video Carousel","0.29,0.44,0.29,0.44,0.36,0.54,1.00,0.81,1.00,0.81,0.54,0.29",20.0,,
Skip,us,engagement photo locations near me,engagement locations,,,Skip,,480,3,1.67,0.07,204.0,Informational,Not Started,,,,"AI Overview, Local Pack, Site Links, Related Searches","0.54,1.00,0.81,0.81,0.66,0.66,1.00,0.81,0.81,0.66,0.54,0.66",20.0,,
120,us,picnic proposal,proposal setup,,,Blog,,480,3,1.12,0.05,17200000.0,Informational,Published,,/blog/picnic-proposal,2026-05-10,"Image Pack, Video, Image, Related Searches, Knowledge Panel","0.32,0.48,0.48,1.00,0.72,0.48,0.59,0.48,0.39,0.26,0.26,0.32",70.0,,
110,us,rome proposal,proposal in Rome,,,Location Page,,110,0,1.55,0.24,65900000.0,Informational,Published,,/destinations/italy,2026-05-27,"AI Overview, Image Pack, Site Links, Video, Image, Related Searches, Short Videos","0.42,0.42,0.33,0.52,0.52,0.80,0.80,0.80,0.42,0.33,0.66,1.00",,,
100,us,beach proposal,,,,Blog,,1600,15,1.04,0.09,151.0,Informational,Published,,/blog/beach-proposal,2026-06-04,"Things To Know, AI Overview, Site Links, Video, Image, People Also Ask, Related Searches, Short Videos","0.65,0.44,0.65,0.44,0.82,1.00,0.82,0.44,0.34,0.44,0.55,0.44",20.0,,
98,us,engagement photo locations,engagement locations,,,Blog,,390,3,1.87,0.02,289000000.0,"Informational, Commercial",Published,,/blog/engagement-photo-locations,2026-05-23,"Local Pack, Video, Image, Related Searches, AI Overview","0.08,0.16,0.10,0.20,0.55,0.30,1.00,0.30,0.20,0.36,0.20,0.24",90.0,,
90,us,picnic proposal set up,proposal in Hawaii,,,Blog,,90,0,0.0,0.15,12600000.0,Informational,Not Started,,,,"Image Pack, Site Links, Video, Image, Related Searches, AI Overview","0.41,0.64,0.52,0.82,0.64,0.64,0.52,0.41,0.41,0.29,0.23,0.29",,,
90,us,hawaii proposal ideas,proposal in Hawaii,,,Location Page,,90,0,1.27,0.36,16900000.0,Informational,Published,,/destinations/hawaii,2026-05-23,"Site Links, Video, Image, Related Searches, Discussions And Forums, AI Overview","0.12,0.12,0.15,0.19,0.10,0.07,0.05,0.05,0.05,0.04,0.04,0.07",,,
90,us,proposal ideas hawaii,proposal in Hawaii,,,Location Page,,90,0,1.27,0.36,13200000.0,Informational,Published,,/destinations/hawaii,2026-05-23,"Site Links, Video, Image, Related Searches, AI Overview","0.64,0.64,0.52,1.00,0.41,0.23,0.29,0.29,0.29,0.23,0.23,0.41",,,
80,us,marriage proposal eiffel tower paris,,,,Location Page,,320,3,3.62,0.06,213000.0,Informational,Published,,/destinations/paris,2026-06-05,"Site Links, Video, Video Carousel, People Also Ask, Related Searches","0.35,0.18,0.18,0.54,0.66,0.28,0.54,1.00,1.00,0.81,0.66,0.54",20.0,,
76,us,beach proposal ideas,proposal setup,,,Blog,,1300,16,0.51,0.59,69000000.0,Informational,Not Started,,,,"Site Links, Video, Image, Related Searches, Discussions And Forums, AI Overview","0.30,0.34,0.44,0.44,0.55,0.55,0.44,0.34,0.34,0.24,0.24,0.24",20.0,,
Skip,us,chicago proposal planner,proposal planner,,,Skip,,70,0,1.47,0.1,79200000.0,"Informational, Commercial",Not Started,,,,"Site Links, Video, Related Searches","0.11,0.29,0.11,0.11,0.17,0.52,0.82,0.82,0.64,0.64,0.64,0.64",,,
70,us,propose in bali,propose in bali,,,Location Page,,70,0,1.52,0.03,13600000.0,Commercial,Published,,/destinations/bali,2026-05-27,"Site Links, Video, Image, Related Searches, AI Overview","0.78,0.21,0.50,1.00,1.00,0.28,0.00,0.50,0.35,0.35,0.00,0.50",,,
64,us,how to buy wedding proposal packages,proposal planner,,,Blog,,320,4,0.0,0.0,365000000.0,Informational,Published,,/blog/how-to-buy-wedding-proposal-packages,2026-06-09,"Site Links, Video, Related Searches, AI Overview","1.00,0.00,0.00,0.00,0.00,0.00,0.00,0.00,0.00",20.0,,
60,us,romantic dinner proposal,how to propose,,,Blog,,480,7,0.0,0.01,30200000.0,Informational,Published,,/blog/romantic-dinner-proposal,2026-05-11,"Discussions And Forums, AI Overview, Site Links, Video, Image, Related Searches","0.08,0.08,1.00,0.24,0.36,0.03,0.36,0.67,0.36,0.76,0.06,0.24",20.0,,
57,us,romantic proposal ideas,,,,Blog,,1600,27,0.32,0.19,147.0,Informational,Published,,/blog/romantic-proposal-ideas,2026-05-12,"Site Links, Video, Image, Related Searches, AI Overview","0.41,0.66,0.54,0.66,0.79,0.79,0.66,0.54,0.79,1.00,0.54,0.66",20.0,,
53,us,wedding proposal ideas nyc,engagement planner,,,Skip,,210,3,1.15,0.62,0.0,Informational,Not Started,,,,"Site Links, Video, Image, Related Searches, Discussions And Forums, AI Overview","0.28,0.08,0.18,0.35,0.28,0.28,0.18,0.44,0.35,0.66,0.66,0.44",20.0,,
50,us,lake como proposal planner,proposal planner,,,Location Page,,50,0,1.83,0.3,561000.0,Informational,Published,,/destinations/italy,2026-05-27,"Site Links, Video, Related Searches","0.45,0.63,0.63,0.63,0.63,0.81,0.81,0.63,0.18,0.18,0.18,1.00",,,
50,us,places to propose in italy,propose in italy,,,Location Page,,50,0,1.21,0.13,31800000.0,Informational,Published,,/destinations/italy,2026-05-27,"Site Links, Video, Image, Related Searches, AI Overview","0.18,0.45,0.36,0.36,0.45,0.81,0.81,0.63,0.27,0.27,0.36,0.45",,,
50,us,proposing in venice italy,propose in italy,,,Location Page,,50,0,1.43,0.14,0.0,"Informational, Commercial",Published,,/destinations/italy,2026-05-27,"Site Links, Video, Video Carousel, Related Searches, AI Overview","0.18,0.18,0.18,0.18,0.18,0.81,0.81,0.81,0.63,0.63,0.63,1.00",,,
50,us,maui proposal package,proposal in Hawaii,,,Location Page,,50,0,1.67,0.49,6720000.0,Informational,Not Started,,,,"Site Links, Video, Related Searches","0.50,0.35,0.35,0.14,0.28,0.28,0.50,0.35,0.35,0.50,0.35,0.35",,,
50,us,proposal packages italy,italy proposal,,,Location Page,,50,0,0.0,0.33,0.0,Informational,Published,,/destinations/italy,2026-05-27,"Video, Related Searches, Site Links","0.36,0.45,0.36,0.36,0.45,0.81,0.81,0.63,0.27,0.18,0.45,1.00",,,
48,us,proposal packages,proposal planner,,,Blog,,480,9,0.91,0.86,0.0,Informational,Published,,/blog/proposal-packages,2026-05-13,"Video, Related Searches","0.26,0.39,0.39,0.59,0.48,0.48,0.59,0.48,0.48,0.48,0.48,0.48",75.0,,
47,us,destination engagement photographer,destination engagement,,,Blog,,140,2,0.0,0.33,70000000.0,Informational,Published,,/blog/destination-engagement-photographer,2026-05-14,"Local Pack, Site Links, Video, Related Searches","0.23,0.18,0.23,0.28,0.23,0.44,0.44,0.15,0.06,0.11,0.11,0.08",20.0,,
47,us,hawaii proposal packages,proposal in Hawaii,,,Location Page,,140,2,0.85,0.49,142.0,Informational,Published,,/destinations/hawaii,2026-05-23,"Site Links, Video, Related Searches, AI Overview","0.21,0.43,0.43,0.43,0.34,0.53,0.53,0.43,0.34,0.65,0.81,0.81",20.0,,
46,us,engagement proposal packages,proposal planner,,,Blog,,320,6,1.1,0.95,153.0,Informational,Not Started,,,,"Site Links, Video, Related Searches, AI Overview","0.36,0.44,0.44,0.44,0.36,0.44,0.36,0.54,0.66,0.44,0.29,0.54",20.0,,
45,us,oahu proposal packages,proposal in Hawaii,,,Location Page,,90,1,1.42,0.67,1630000.0,Informational,Not Started,,,,"Video, Related Searches","0.19,0.19,0.19,0.07,0.26,0.34,0.53,0.53,0.42,0.42,0.65,0.80",90.0,,
Skip,us,proposal setup near me,,,,Skip,,90,1,0.96,0.55,140.0,Transactional,Not Started,,,,"Video, People Also Ask, Related Searches, AI Overview, Local Pack","0.00,0.17,0.41,0.52,0.82,0.41,0.41,0.64,0.17,0.82,0.82,1.00",90.0,,
43,us,proposal package,engagement planner,,,Blog,,260,5,1.1,0.95,141.0,Informational,Not Started,,,,"Video, Related Searches","0.15,0.15,0.12,0.15,0.29,0.29,0.29,0.29,0.44,0.44,0.44,0.54",75.0,,
43,us,unforgettable proposal ideas,how to propose,,,Blog,,390,8,0.3,0.87,21600000.0,Informational,Not Started,,,,"Image, Video Carousel, Related Searches, Discussions And Forums, AI Overview, Image Pack, Video","0.48,0.39,0.39,0.48,0.39,0.48,0.39,0.39,0.32,0.32,0.32,0.21",90.0,,
43,us,proposal ideas nyc,engagement planner,,,Skip,,170,3,1.24,0.43,125000000.0,Informational,Not Started,,,,"Video, Image, People Also Ask, Related Searches, Discussions And Forums, AI Overview, Site Links","0.53,0.43,0.35,0.35,0.35,0.53,0.53,0.43,0.53,0.53,0.66,0.66",20.0,,
42,us,hawaii proposal,,,,Location Page,,720,16,0.91,0.18,0.0,Informational,Published,,/destinations/hawaii,2026-05-23,"Site Links, Video, Related Searches, Short Videos, Knowledge Panel","0.13,0.30,0.20,0.30,0.36,0.55,0.67,0.76,1.00,1.00,1.00,1.00",20.0,,
42,us,best destinations to propose,destination proposal,,,Blog,,1000,23,0.98,0.15,20700000.0,Commercial,Published,,/blog/best-destinations-to-propose,2026-05-15,"Discussions And Forums, AI Overview, Site Links, Video, People Also Ask, Related Searches","0.81,0.81,1.00,1.00,1.00,0.06,0.45,0.81,0.81,0.62,0.81,0.62",20.0,,
Skip,us,houston proposal planner,proposal planner,,,Skip,,40,0,1.6,0.33,32500000.0,"Informational, Commercial",Not Started,,,,"Video, Image, People Also Ask, Related Searches","0.28,0.28,0.28,0.28,0.28,0.42,1.00,0.71,1.00,0.71,0.57,0.71",,,
40,us,marriage proposal in portugal,propose in Portugal,,,Location Page,,40,0,0.0,0.1,0.0,Informational,Published,,/destinations/portugal,2026-05-27,"Video, Image, Video Carousel, Related Searches, Discussions And Forums, Knowledge Panel, Site Links","0.28,0.71,1.00,0.42,0.57,0.42,0.57,0.42,0.57,0.57,0.71,0.57",,,
40,us,where to propose in italy,propose in italy,,,Location Page,,40,0,1.17,0.2,92800000.0,Informational,Published,,/destinations/italy,2026-05-27,"Image, Related Searches, Discussions And Forums, AI Overview, Site Links, Video","0.22,0.44,0.22,0.55,0.55,1.00,1.00,0.77,0.22,0.33,0.22,0.44",,,
40,us,proposal in greece,propose in greece,,,Location Page,,40,0,1.0,0.12,0.0,Informational,Published,,/destinations/greece,2026-05-29,"Site Links, Video, Image, Video Carousel, Related Searches, AI Overview","0.11,0.11,0.11,0.11,0.11,0.64,1.00,0.17,0.11,0.11,0.11,0.11",,,
40,us,private proposal packages,engagement planner,,,Blog,,40,0,1.03,0.62,147.0,Informational,Not Started,,,,"Site Links, Video, Related Searches, AI Overview","0.45,0.27,0.18,0.18,0.18,0.27,0.45,0.45,0.36,0.45,0.36,0.45",,,
40,us,best places to propose in hawaii,proposal in Hawaii,,,Location Page,,40,0,0.9,0.22,112.0,Commercial,Published,,/destinations/hawaii,2026-05-23,"Site Links, Video, Related Searches, Discussions And Forums, AI Overview","0.28,0.28,0.28,0.28,0.14,0.78,0.35,0.21,0.35,0.28,0.21,0.21",,,
40,us,honolulu proposal packages,proposal in Hawaii,,,Blog,,40,0,1.15,0.89,118.0,Informational,Not Started,,,,"Video, Related Searches","0.57,0.42,0.57,0.57,0.57,0.57,1.00,0.57,0.57,0.71,0.28,0.57",,,
40,us,best places to propose in barcelona,propose in Barcelona,,,Location Page,,40,0,0.86,0.24,90.0,Commercial,Not Started,,,,"Discussions And Forums, AI Overview, Site Links, Video, Related Searches","0.28,0.28,0.42,0.71,0.57,0.71,1.00,1.00,0.71,0.57,0.57,0.42",,,
40,us,proposal decoration package,,,,Blog,,40,0,0.78,0.97,0.0,Commercial,Not Started,,,,"Site Links, Video, Image, Popular Products, Related Searches","0.21,0.21,0.21,0.21,0.21,0.35,0.35,0.50,0.28,0.21,0.28,0.21",,,
40,us,santorini proposal photographer,santorini proposal,,,Location Page,,40,0,2.27,0.37,182000.0,Commercial,Published,,/destinations/greece,2026-05-29,"Image, Related Searches, Local Pack, Site Links, Video","0.18,0.18,0.18,0.18,0.18,1.00,1.00,0.18,0.18,0.18,0.36,0.45",,,
40,us,italy proposal spots,italy proposal,,,Location Page,,40,0,0.0,0.05,139.0,Informational,Published,,/destinations/italy,2026-05-27,"Video, Image, Related Searches, Discussions And Forums, AI Overview, Site Links","0.18,0.27,0.18,0.45,0.45,0.81,1.00,0.81,0.27,0.18,0.18,0.45",,,
40,us,lake como italy proposal,italy proposal,,,Location Page,,40,0,19.55,0.19,5530000.0,Informational,Published,,/destinations/italy,2026-05-27,"Video, Image, Video Carousel, Related Searches, Short Videos, Site Links","0.18,0.18,0.18,1.00,1.00,0.27,0.27,0.36,0.27,0.27,0.45,0.27",,,
40,us,proposal photographer london,london proposal,,,Location Page,,40,0,2.23,0.7,8490000.0,"Informational, Commercial",Not Started,,,,"Local Pack, Video, Image, Related Searches, AI Overview","0.55,0.55,0.55,0.55,0.44,0.22,0.22,0.22,0.22,0.22,0.22,0.22",,,
39,us,unique proposal ideas,proposal setup,,,Blog,,590,14,0.25,0.64,138000000.0,Informational,Published,,/blog/unique-proposal-ideas,2026-05-21,"Site Links, Video, Image, Related Searches, AI Overview","0.30,0.24,0.24,0.24,0.30,0.36,0.36,0.36,0.36,0.36,0.45,0.45",20.0,,
36,us,proposal planner,proposal planner,,,Blog,,1300,35,1.35,0.1,78600000.0,Commercial,Published,,/blog/proposal-planner,2026-05-16,"Site Links, Video, Image, People Also Ask, Related Searches","0.36,0.45,0.62,1.00,1.00,1.00,0.55,1.00,0.81,0.62,0.81,1.00",20.0,,
35,us,rome proposal package,proposal in Rome,,,Location Page,,70,1,1.69,0.44,0.0,Commercial,Published,,/destinations/italy,2026-05-27,"Video, Related Searches","0.35,0.50,0.50,0.50,0.50,0.64,0.64,0.50,0.14,0.21,0.21,0.21",90.0,,
35,us,italy proposal,proposal in Rome,,,Location Page,,140,3,1.41,0.04,181000000.0,Informational,Published,,/destinations/italy,2026-05-27,"Knowledge Panel, Site Links, Video, Image, Related Searches","0.42,0.65,0.42,0.53,0.42,0.80,0.80,0.53,0.42,0.53,0.65,1.00",20.0,,
35,us,proposal setup,proposal planner,,,Blog,,210,5,0.79,0.93,222000000.0,Informational,Not Started,,,,"Related Searches, AI Overview, Image Pack, Video, Image, Video Carousel","0.23,0.19,0.29,0.23,0.44,0.29,0.23,0.29,0.36,0.29,0.44,0.54",75.0,,
35,us,wedding proposal ideas in nyc,engagement planner,,,Skip,,210,5,1.15,0.62,132.0,Informational,Not Started,,,,"Related Searches, Discussions And Forums, AI Overview, Site Links, Video","0.35,0.35,0.18,0.35,0.28,0.28,0.18,0.44,0.35,0.66,0.66,0.44",20.0,,
32,us,best proposal ideas,,,,Blog,,1000,30,0.27,0.74,252000000.0,Informational,Not Started,,,,"Related Searches, Discussions And Forums, AI Overview, Image Pack, Site Links, Video, Image","0.62,0.81,0.62,0.62,0.62,0.55,0.55,0.62,0.55,0.55,0.55,0.45",20.0,,
30,us,miami proposal planner,proposal planner,,,Skip,,30,0,1.63,0.6,1450000.0,Informational,Not Started,,,,"Knowledge Panel, Site Links, Video, Image, Related Searches","0.18,0.36,0.18,0.18,0.18,0.18,0.18,0.18,0.18,0.18,0.36,0.45",,,
30,us,picnic proposal package,proposal in Hawaii,,,Blog,,30,0,1.24,0.79,20800000.0,Informational,Not Started,,,,"Video, Related Searches","0.07,0.07,0.07,0.07,0.11,0.34,0.19,0.15,0.07,0.07,0.07,0.07",,,
30,us,best places to propose in oahu,proposal in Hawaii,,,Location Page,,30,0,1.03,0.5,169000.0,Commercial,Not Started,,,,"Site Links, Related Searches, AI Overview","0.18,0.27,0.27,0.18,0.27,0.36,0.18,0.18,0.18,0.18,0.18,0.18",,,
30,us,proposal in barcelona,propose in Barcelona,,,Location Page,,30,0,1.17,0.09,39300000.0,Informational,Not Started,,,,"Site Links, Video, Related Searches, AI Overview","0.28,0.71,0.71,1.00,0.28,0.28,0.28,0.28,0.28,0.28,0.28,0.28",,,
30,us,santorini proposals,santorini proposal,,,Location Page,,30,0,1.55,0.22,,,Published,,/destinations/greece,2026-05-29,,"0.22,0.33,0.55,0.22,0.22,1.00,0.11,0.11,0.33,0.00,0.55,0.33",,,
30,us,santorini wedding proposal cruises,santorini proposal,,,Location Page,,30,0,0.0,0.0,,,Published,,/destinations/greece,2026-05-29,,"0.14,0.14,0.28,0.42,0.42,0.42,1.00,0.28,0.00,0.00,0.71,0.71",,,
30,us,wedding proposal santorini,santorini proposal,,,Location Page,,30,0,1.55,0.22,,,Published,,/destinations/greece,2026-05-29,,"0.11,0.22,0.11,0.55,0.11,0.33,0.22,0.33,0.55,0.22,0.11,1.00",,,
30,us,tulum proposal photographer,tulum proposal,,,Location Page,,30,0,0.0,0.66,,,Published,,/destinations/tulum,2026-05-27,,"0.11,0.11,0.11,0.11,0.11,0.11,0.11,0.11,0.17,0.11,0.64,0.29",,,
30,us,business proposal portugues,Portugal proposal,,,Skip,,30,0,0.0,0.33,,,,,,,,"1.00,0.14,0.14,0.14,0.14,0.14,0.14,0.14,0.14,0.14,0.14,0.14",,,
30,us,propose in switzerland,Switzerland proposal,,,Location Page,,30,0,0.0,0.0,,,Published,,/destinations/switzerland,2026-05-27,,"0.25,0.50,0.50,0.25,0.50,0.75,1.00,1.00,0.75,0.75,0.75,0.75",,,
30,us,costa rica proposal,costa rica proposal,,,Location Page,,30,0,0.0,0.33,,,Published,,/destinations/costa-rica,2026-05-28,,"0.22,0.33,0.33,0.33,0.22,0.33,0.22,0.33,0.33,0.22,0.33,0.44",,,
30,us,nice france proposal,france proposal,,,Location Page,,30,0,0.71,0.33,,,Published,,/destinations/south-of-france,2026-06-06,,"0.28,0.28,0.28,0.28,0.42,0.28,0.28,0.28,0.42,0.28,1.00,0.71",,,
30,us,bali proposal ideas,bali proposal,,,Location Page,,30,0,0.0,0.33,,,Published,,/destinations/bali,2026-05-27,,"0.22,0.22,0.22,0.22,0.22,0.22,0.33,0.22,0.44,0.22,0.22,1.00",,,
30,us,best romantic proposal dinner beach bali,bali proposal,,,Location Page,,30,0,0.0,0.0,,,Published,,/destinations/bali,2026-05-27,,"0.00,1.00,0.00,0.00,0.00",,,
30,us,best proposal spots italy,italy proposal,,,Location Page,,30,0,0.0,0.0,,,Published,,/destinations/italy,2026-05-27,,"0.00,0.00,0.14,0.71,0.57,1.00,0.71,0.42,0.42,0.57,0.57,0.42",,,
30,us,proposal in maldives,maldives proposal,,,Location Page,,30,0,0.0,0.33,,,,,,,,"0.23,0.29,0.23,0.52,0.17,0.11,0.11,0.11,0.11,0.11,0.11,0.11",,,
30,us,maldives proposal package,maldives proposal,,,Location Page,,30,0,0.0,0.33,,,,,,,,"0.40,0.40,0.40,0.40,0.40,0.80,1.00,0.80,0.80,0.80,0.80,0.60",,,
30,us,maldives marriage proposal,maldives proposal,,,Location Page,,30,0,0.0,0.0,,,,,,,,"0.27,0.45,0.36,0.45,0.18,0.18,0.18,0.18,0.18,0.18,0.09,0.09",,,
30,us,proposal planners hawaii,hawaii proposal,,,Location Page,,30,0,0.0,0.0,,,Published,,/destinations/hawaii,2026-05-23,,"0.00,0.25,1.00,1.00,0.50,0.75,0.75,0.75,0.75,0.50,0.75,0.50",,,
30,us,places to propose in london,london proposal,,,Location Page,,30,0,1.57,0.33,,,,,,,,"0.11,0.23,0.11,0.11,0.11,0.11,0.29,0.11,0.11,0.17,0.11,0.11",,,
30,us,nyc proposal,engagement planner,,,Skip,,390,12,1.74,0.48,96700000.0,Informational,,,,,"People Also Ask, Related Searches, Knowledge Panel, Site Links, Video","0.07,0.08,0.08,0.08,0.16,0.16,0.16,0.13,0.20,0.36,0.13,0.20",20.0,,
30,us,beach proposal set up,,,,Blog,,390,12,0.87,0.57,86300000.0,Informational,,,,,"AI Overview, Site Links, Video, Image, People Also Ask, Related Searches","0.35,0.81,0.66,1.00,0.81,0.81,0.54,0.66,0.44,0.35,0.28,0.44",20.0,,
27,us,paris proposal,,,,Location Page,,590,21,4.91,0.17,0.0,Informational,Published,,/destinations/paris,2026-06-05,"Related Searches, AI Overview, Video, Image, Video Carousel","0.20,0.24,0.20,0.20,0.24,0.24,0.20,0.20,0.20,0.24,0.13,0.20",75.0,,
26,us,planning proposal,proposal planner,,,Blog,,210,7,1.35,0.1,135.0,Informational,,,,,"Image Pack, Site Links, Video, Related Searches, AI Overview","0.66,1.00,0.12,0.09,0.06,0.06,0.09,0.15,0.09,0.19,0.15,0.15",20.0,,
Skip,us,dc proposal planner,proposal planner,,,Skip,,50,1,1.35,0.1,0.0,Informational,,,,,"Related Searches, Knowledge Panel, Video","0.57,0.42,0.71,0.42,0.71,1.00,0.42,0.71,0.42,1.00,1.00,0.71",70.0,,
25,us,proposal photographer italy,italy proposal,,,Location Page,,50,1,2.33,0.24,4380000.0,Informational,Published,,/destinations/italy,2026-05-27,"Local Pack, Site Links, Video, Image, Related Searches, AI Overview","0.00,1.00,0.23,0.23,0.23,0.33,0.33,0.23,0.09,0.14,0.04,0.04",20.0,,
25,us,london proposal photographer,london proposal,,,Location Page,,50,1,2.23,0.7,141.0,"Informational, Commercial",,,,,"Local Pack, Video, Related Searches","0.35,0.50,0.50,0.64,0.50,0.21,0.14,0.14,0.14,0.21,0.64,0.14",90.0,,
Skip,us,locations for engagement photos near me,engagement locations,,,Skip,,170,6,1.67,0.07,152000000.0,Informational,,,,,"Related Searches, AI Overview, Local Pack, Video, Image, People Also Ask","0.33,0.66,0.80,1.00,0.66,0.80,0.80,0.80,0.80,1.00,1.00,1.00",90.0,,
24,us,outdoor proposal ideas,proposal setup,,,Blog,,480,19,0.39,0.72,45200000.0,Informational,Published,,/blog/outdoor-proposal-ideas,2026-05-17,"Video, Image, Related Searches, AI Overview","0.39,0.48,0.48,0.59,0.48,0.48,0.48,0.48,0.48,0.39,0.32,0.32",90.0,,
24,us,rooftop proposal nyc,engagement planner,,,Skip,,260,10,2.08,0.17,3620000.0,Informational,,,,,"Short Videos, Knowledge Panel, Site Links, Video, People Also Ask, Related Searches","0.53,0.53,0.53,0.66,0.66,1.00,0.66,0.66,0.66,0.53,0.53,0.66",20.0,,
23,us,best marriage proposal ideas,,,,Blog,,720,30,0.27,0.74,147.0,Informational,,,,,"Site Links, Video, Image, Video Carousel, Related Searches, AI Overview","1.00,0.67,0.55,0.55,0.45,0.45,0.36,0.55,0.45,0.55,0.55,0.45",20.0,,
23,us,oahu proposal photographer,proposal in Hawaii,,,Location Page,,90,3,1.86,0.69,167000.0,Commercial,,,,,"Local Pack, Site Links, Video, Related Searches","0.52,0.14,0.09,0.23,0.14,0.66,1.00,0.66,0.42,0.19,0.33,0.52",20.0,,
22,us,girlfriend proposal,engagement planner,,,Blog,,590,26,0.56,0.83,122.0,Informational,Published,,/blog/girlfriend-proposal,2026-05-18,"Discussions And Forums, Image Pack, Image, Video Carousel, Related Searches, AI Overview, Site Links, Video, People Also Ask","0.45,0.36,0.45,0.45,0.36,0.36,0.67,0.67,0.55,0.45,0.76,1.00",20.0,,
22,us,wedding proposal packages,engagement planner,,,Blog,,260,11,1.1,0.95,136000000.0,Informational,,,,,"Video, Related Searches","0.28,0.35,0.35,0.35,0.44,0.54,0.54,0.44,0.18,0.54,0.44,0.66",90.0,,
22,us,marriage proposal set up,engagement planner,,,Blog,,390,17,0.79,0.93,199000000.0,Informational,,,,,"Image Pack, Site Links, Video, Video Carousel, Related Searches, AI Overview","0.10,0.13,0.16,0.67,0.20,1.00,0.20,0.16,0.24,0.24,0.20,0.24",20.0,,
21,us,new york proposal,engagement planner,,,Skip,,320,14,1.74,0.48,336.0,Informational,,,,,"Knowledge Panel, Site Links, Video, Video Carousel, Related Searches","0.13,0.08,0.03,0.08,0.07,0.11,0.08,0.13,0.08,0.13,0.16,0.11",20.0,,
21,us,helicopter proposal,,,,Blog,,170,7,1.02,0.26,0.0,Informational,Published,,/blog/helicopter-proposal,2026-05-19,"See Results About, Video, Image, Video Carousel, Related Searches","0.53,0.43,0.34,0.43,0.28,0.53,0.81,0.81,0.65,0.53,0.65,0.65",75.0,,
21,us,wedding proposal planner,proposal planner,,,Blog,,210,9,1.48,0.11,2110000.0,Commercial,,,,,"Site Links, Video, People Also Ask, Related Searches, Discussions And Forums","0.35,0.35,0.43,0.43,1.00,0.82,0.53,0.53,0.53,0.43,0.43,0.82",20.0,,
20,us,best places to propose in portugal,propose in Portugal,,,Location Page,,20,0,0.0,0.33,,,Published,,/destinations/portugal,2026-05-27,,"1.00,1.00,1.00,1.00,1.00,1.00,1.00,1.00,1.00,1.00,1.00,1.00",,,
20,us,places to propose in portugal,propose in Portugal,,,Location Page,,20,0,0.0,0.33,,,Published,,/destinations/portugal,2026-05-27,,"1.00,1.00,1.00,1.00,1.00,1.00,1.00,1.00,1.00,1.00,1.00,1.00",,,
20,us,where to propose in portugal,propose in Portugal,,,Location Page,,20,0,0.0,0.33,,,Published,,/destinations/portugal,2026-05-27,,"0.22,0.22,0.22,0.22,0.22,0.22,0.22,0.22,0.22,0.22,0.22,0.22",,,
20,us,best places to propose in mexico,propose in mexico,,,Skip,,20,0,0.0,0.09,,,,,,,,"0.09,0.09,0.09,0.09,0.09,0.09,0.09,0.09,0.09,0.09,0.09,0.09",,,
20,us,proposal in santorini,santorini proposal,,,Location Page,,20,0,1.55,0.22,,,Published,,/destinations/greece,2026-05-29,,"0.25,0.25,1.00,0.25,0.50,0.50,0.50,0.25,0.00,0.25,0.50,0.50",,,
20,us,where to propose in santorini,santorini proposal,,,Location Page,,20,0,0.0,0.24,,,Published,,/destinations/greece,2026-05-29,,"0.66,0.66,0.66,0.66,0.66,0.66,0.66,0.66,0.66,0.66,0.66,0.66",,,
20,us,santorini proposal spots,santorini proposal,,,Location Page,,20,0,0.0,0.33,,,Published,,/destinations/greece,2026-05-29,,"0.66,0.66,0.66,0.66,0.66,0.66,1.00,0.66,0.66,0.66,0.66,0.66",,,
20,us,santorini proposal planner,santorini proposal,,,Location Page,,20,0,0.0,0.45,,,Published,,/destinations/greece,2026-05-29,,"0.00,0.18,0.18,0.18,0.18,0.18,0.18,0.18,0.18,0.18,0.18,0.18",,,
20,us,santorini proposal photos,santorini proposal,,,Location Page,,20,0,1.71,0.38,,,Published,,/destinations/greece,2026-05-29,,"0.66,1.00,0.66,0.66,0.66,0.66,0.66,0.66,0.66,0.66,0.66,0.66",,,
20,us,santorini proposal packages prices,santorini proposal,,,Location Page,,20,0,1.08,0.49,,,Published,,/destinations/greece,2026-05-29,,"0.66,0.66,0.66,0.66,0.66,0.66,0.66,0.66,0.66,0.66,0.66,0.66",,,
20,us,santorini greece proposal,santorini proposal,,,Location Page,,20,0,1.52,0.33,,,Published,,/destinations/greece,2026-05-29,,"0.28,0.28,0.28,0.28,0.28,0.28,0.28,0.28,0.28,0.28,0.28,0.28",,,
20,us,proposal packages santorini,santorini proposal,,,Location Page,,20,0,0.0,0.0,,,Published,,/destinations/greece,2026-05-29,,"0.00,0.66,0.66,0.66,0.66,0.66,0.66,0.00,0.66,0.66,0.00,0.66",,,
20,us,santorini proposal ideas,santorini proposal,,,Location Page,,20,0,0.0,0.33,,,Published,,/destinations/greece,2026-05-29,,"0.11,0.11,0.11,0.11,0.11,0.11,0.11,0.11,0.11,0.11,0.11,0.17",,,
20,us,best place to propose in santorini,santorini proposal,,,Location Page,,20,0,0.47,0.22,,,Published,,/destinations/greece,2026-05-29,,"0.28,0.28,0.28,0.28,0.28,0.28,0.28,0.28,0.28,0.28,0.28,0.28",,,
20,us,best places to propose in santorini,santorini proposal,,,Location Page,,20,0,0.0,0.33,,,Published,,/destinations/greece,2026-05-29,,"0.40,0.40,0.40,0.40,0.40,0.40,0.40,0.40,0.40,0.40,0.40,0.40",,,
20,us,places to propose in santorini,santorini proposal,,,Location Page,,20,0,0.0,0.33,,,Published,,/destinations/greece,2026-05-29,,"0.22,0.22,0.22,0.22,0.22,0.22,0.22,0.22,0.22,0.22,0.22,0.22",,,
20,us,best tulum proposal spots,tulum proposal,,,Location Page,,20,0,0.0,0.0,,,Published,,/destinations/tulum,2026-05-27,,"0.25,0.50,0.25,0.25,0.25,0.75,0.75,1.00,0.00,0.75,0.00,0.00",,,
20,us,tulum proposal ideas,tulum proposal,,,Location Page,,20,0,0.0,0.99,,,Published,,/destinations/tulum,2026-05-27,,"0.50,0.25,0.50,0.50,0.50,0.75,0.75,1.00,0.50,0.50,0.50,1.00",,,
20,us,tulum proposal planner,tulum proposal,,,Location Page,,20,0,0.0,0.29,,,Published,,/destinations/tulum,2026-05-27,,"0.66,0.66,0.66,0.66,0.66,0.66,0.00,0.66,0.66,0.66,0.66,0.66",,,
20,us,tulum proposal packages,tulum proposal,,,Location Page,,20,0,1.33,0.33,,,Published,,/destinations/tulum,2026-05-27,,"0.60,0.60,0.60,0.40,0.40,0.40,0.40,0.60,0.40,0.40,0.40,0.40",,,
20,us,best lakeside proposal locations in switzerland,Switzerland proposal,,,Location Page,,20,0,0.0,0.0,,,Published,,/destinations/switzerland,2026-05-27,,1,,,
20,us,best places to propose in switzerland,Switzerland proposal,,,Location Page,,20,0,0.0,0.33,,,Published,,/destinations/switzerland,2026-05-27,,"0.66,0.66,0.66,0.66,0.66,0.66,0.66,0.66,0.66,0.66,0.66,0.66",,,
20,us,marriage proposal in switzerland,Switzerland proposal,,,Location Page,,20,0,0.0,0.33,,,Published,,/destinations/switzerland,2026-05-27,,"0.00,0.66,0.66,0.66,0.66,0.66,0.66,0.66,0.66,0.66,0.66,0.66",,,
20,us,places to propose in switzerland,Switzerland proposal,,,Location Page,,20,0,0.0,0.33,,,Published,,/destinations/switzerland,2026-05-27,,"0.28,0.28,0.28,0.28,0.28,0.28,0.28,0.28,0.28,0.28,0.28,0.28",,,
20,us,where to propose in switzerland,Switzerland proposal,,,Location Page,,20,0,0.0,0.33,,,Published,,/destinations/switzerland,2026-05-27,,"0.14,0.14,0.14,0.14,0.14,0.14,0.14,0.14,0.14,0.14,0.14,0.14",,,
20,us,switzerland proposal spots,Switzerland proposal,,,Location Page,,20,0,0.0,0.33,,,Published,,/destinations/switzerland,2026-05-27,,"0.18,0.18,0.18,0.18,0.18,0.18,0.18,0.18,0.18,0.18,0.18,0.18",,,
20,us,switzerland proposal photographer,Switzerland proposal,,,Location Page,,20,0,0.0,0.33,,,Published,,/destinations/switzerland,2026-05-27,,"1.00,1.00,1.00,1.00,1.00,1.00,1.00,1.00,1.00,1.00,1.00,1.00",,,
20,us,switzerland proposal packages,Switzerland proposal,,,Location Page,,20,0,0.0,0.33,,,Published,,/destinations/switzerland,2026-05-27,,"1.00,1.00,1.00,1.00,1.00,1.00,1.00,1.00,1.00,1.00,1.00,1.00",,,
20,us,proposing in switzerland,Switzerland proposal,,,Location Page,,20,0,0.0,0.33,,,Published,,/destinations/switzerland,2026-05-27,,"0.18,0.18,0.18,0.18,0.18,0.18,0.18,0.18,0.18,0.18,0.18,0.18",,,
20,us,proposal in switzerland,Switzerland proposal,,,Location Page,,20,0,0.0,0.33,,,Published,,/destinations/switzerland,2026-05-27,,"0.66,0.66,0.66,0.66,0.66,0.66,0.66,0.66,0.66,0.66,0.66,0.66",,,
20,us,costa rica proposal packages,costa rica proposal,,,Location Page,,20,0,0.0,0.0,,,Published,,/destinations/costa-rica,2026-05-28,,"0.66,1.00",,,
20,us,ancient greece marriage proposal,greece proposal,,,Skip,,20,0,0.0,0.33,,,,,,,,"0.18,0.18,0.18,0.18,0.18,0.18,0.18,0.18,0.18,0.18,0.18,0.18",,,
20,us,ancient greece proposal,greece proposal,,,Skip,,20,0,0.0,0.33,,,,,,,,"1.00,1.00,1.00,1.00,1.00,1.00,1.00,1.00,1.00,1.00,1.00,1.00",,,
20,us,best places to propose in greece,greece proposal,,,Location Page,,20,0,1.78,0.33,,,Published,,/destinations/greece,2026-05-29,,"0.18,0.18,0.18,0.18,0.18,0.18,0.18,0.18,0.18,0.18,0.18,0.18",,,
20,us,best place to propose in greece,greece proposal,,,Location Page,,20,0,1.78,0.33,,,Published,,/destinations/greece,2026-05-29,,"0.66,0.66,0.66,0.66,0.66,0.66,0.66,0.66,0.66,0.66,0.66,0.66",,,
20,us,greece proposal ideas,greece proposal,,,Location Page,,20,0,0.0,0.33,,,Published,,/destinations/greece,2026-05-29,,"0.18,0.18,0.18,0.18,0.18,0.18,0.18,0.18,0.18,0.18,0.18,0.18",,,
20,us,greece proposal package,greece proposal,,,Location Page,,20,0,0.0,0.39,,,Published,,/destinations/greece,2026-05-29,,"0.40,0.40,0.40,0.40,0.00,0.40,0.40,0.40,0.00,0.40,0.40,0.40",,,
20,us,greece proposal planner,greece proposal,,,Location Page,,20,0,0.0,0.09,,,Published,,/destinations/greece,2026-05-29,,"0.14,0.14,1.00,0.14,0.14,0.14,0.14,0.28,0.14,0.14,0.28,0.28",,,
20,us,greece proposal spots,greece proposal,,,Location Page,,20,0,0.0,0.33,,,Published,,/destinations/greece,2026-05-29,,"1.00,1.00,1.00,1.00,1.00,1.00,1.00,1.00,1.00,1.00,1.00,1.00",,,
20,us,greece wedding proposal,greece proposal,,,Location Page,,20,0,0.0,0.07,,,Published,,/destinations/greece,2026-05-29,,"0.07,0.07,0.07,0.07,0.07,0.07,0.07,0.07,0.07,0.07,0.07,0.07",,,
20,us,proposal greece,greece proposal,,,Location Page,,20,0,0.0,0.25,,,Published,,/destinations/greece,2026-05-29,,"0.14,0.14,0.14,0.14,0.14,0.14,0.14,0.14,0.14,0.14,0.14,0.14",,,
20,us,where to propose in greece,greece proposal,,,Location Page,,20,0,0.0,0.33,,,Published,,/destinations/greece,2026-05-29,,"0.66,0.66,0.66,0.66,0.66,0.66,0.66,0.66,0.66,0.66,0.66,0.66",,,
20,us,best places to propose in france,france proposal,,,Location Page,,20,0,1.77,0.33,,,Published,,/destinations/paris,2026-06-05,,"1.00,1.00,1.00,1.00,1.00,1.00,1.00,1.00,1.00,1.00,1.00,1.00",,,
20,us,france best places for romantic proposal,france proposal,,,Location Page,,20,0,0.0,0.0,,,Published,,/destinations/paris,2026-06-05,,"0.00,0.50,0.25,0.50,0.25,1.00,0.75,0.25,0.25,0.25,0.50,0.25",,,
20,us,paris france proposal,france proposal,,,Location Page,,20,0,0.0,0.33,,,Published,,/destinations/paris,2026-06-05,,"0.50,0.50,0.50,0.50,0.50,0.50,0.50,0.50,0.50,0.50,0.50,0.50",,,
20,us,places to propose in france,france proposal,,,Location Page,,20,0,0.0,0.1,,,Published,,/destinations/paris,2026-06-05,,"1.00,1.00,1.00,1.00,1.00,1.00,1.00,1.00,1.00,1.00,1.00,1.00",,,
20,us,proposal in france,france proposal,,,Location Page,,20,0,0.0,0.33,,,Published,,/destinations/paris,2026-06-05,,"0.18,0.18,0.18,0.18,0.18,0.18,0.18,0.18,0.18,0.18,0.18,0.18",,,
20,us,proposals in france,france proposal,,,Location Page,,20,0,0.0,0.0,,,Published,,/destinations/paris,2026-06-05,,"0.00,0.25,0.25,0.25,0.00,1.00,0.75,0.75,0.75,0.75,0.00,0.25",,,
20,us,south of france proposal,france proposal,,,Location Page,,20,0,0.0,0.33,,,Published,,/destinations/south-of-france,2026-06-06,,"1.00,1.00,1.00,1.00,1.00,1.00,1.00,1.00,1.00,1.00,1.00,1.00",,,
20,us,south of france proposal planner,france proposal,,,Location Page,,20,0,0.0,0.0,,,Published,,/destinations/south-of-france,2026-06-06,,1,,,
20,us,wedding proposal france,france proposal,,,Location Page,,20,0,0.0,0.0,,,Published,,/destinations/paris,2026-06-05,,"0.25,0.75,0.25,0.25,0.25,0.75,0.75,0.50,0.25,1.00,0.75,0.25",,,
20,us,bali beach proposal,bali proposal,,,Location Page,,20,0,0.0,0.33,,,Published,,/destinations/bali,2026-05-27,,"1.00,1.00,1.00,0.00,1.00,1.00,1.00,1.00,0.00,1.00,1.00,1.00",,,
20,us,bali helicopter proposal,bali proposal,,,Location Page,,20,0,0.0,0.57,,,Published,,/destinations/bali,2026-05-27,,"0.00,0.00,0.00,1.00,1.00,1.00,1.00,1.00,1.00,1.00,1.00,1.00",,,
20,us,bali marriage proposal,bali proposal,,,Location Page,,20,0,0.0,0.0,,,Published,,/destinations/bali,2026-05-27,,"0.07,0.07,0.07,0.07,0.07,0.07,0.07,0.07,0.07,0.00,0.00,0.07",,,
20,us,bali proposal packages,bali proposal,,,Location Page,,20,0,0.0,0.33,,,Published,,/destinations/bali,2026-05-27,,"0.22,0.22,0.22,0.22,0.22,0.22,0.22,0.22,0.22,0.22,0.22,0.22",,,
20,us,bali proposal planner,bali proposal,,,Location Page,,20,0,0.0,0.43,,,Published,,/destinations/bali,2026-05-27,,"0.66,0.66,0.66,0.66,0.66,0.66,0.66,0.66,0.66,0.00,0.66,0.66",,,
20,us,bali proposal photographer,bali proposal,,,Location Page,,20,0,0.0,0.4,,,Published,,/destinations/bali,2026-05-27,,"0.22,0.33,0.33,0.22,0.22,0.22,0.22,0.22,0.22,0.22,0.22,0.22",,,
20,us,bali proposal spots,bali proposal,,,Location Page,,20,0,0.0,0.33,,,Published,,/destinations/bali,2026-05-27,,"0.00,0.22,0.22,0.22,0.22,0.00,0.22,0.22,0.22,0.22,0.22,0.22",,,
20,us,where to propose in bali,bali proposal,,,Location Page,,20,0,0.0,0.33,,,Published,,/destinations/bali,2026-05-27,,"0.22,0.22,0.22,0.33,0.00,0.22,0.22,0.22,0.22,0.00,0.22,0.22",,,
20,us,places to propose in bali,bali proposal,,,Location Page,,20,0,0.0,0.33,,,Published,,/destinations/bali,2026-05-27,,"0.18,0.18,0.00,0.18,0.18,0.18,0.18,0.00,0.00,0.18,0.18,0.18",,,
20,us,best place to propose in bali,bali proposal,,,Location Page,,20,0,0.0,0.33,,,Published,,/destinations/bali,2026-05-27,,"0.22,0.22,0.22,0.22,0.22,0.22,0.22,0.22,0.22,0.22,0.22,0.22",,,
20,us,bali wedding proposal ideas,bali proposal,,,Location Page,,20,0,0.0,0.01,,,Published,,/destinations/bali,2026-05-27,,"0.66,0.66,0.66,0.66,0.66,0.66,0.66,0.66,0.66,0.66,0.66,0.66",,,
20,us,best place to propose in rome italy,italy proposal,,,Location Page,,20,0,1.46,0.31,,,Published,,/destinations/italy,2026-05-27,,"0.66,0.66,0.66,0.66,0.66,0.66,0.66,0.66,0.66,0.66,0.66,0.66",,,
20,us,best place to propose in venice italy,italy proposal,,,Location Page,,20,0,1.34,0.31,,,Published,,/destinations/italy,2026-05-27,,"0.66,0.66,0.66,0.66,0.66,0.66,0.66,0.66,0.66,0.66,0.66,0.66",,,
20,us,best places in italy to propose,italy proposal,,,Location Page,,20,0,0.74,0.33,,,Published,,/destinations/italy,2026-05-27,,"0.40,0.40,0.40,0.40,0.40,0.40,0.40,0.40,0.40,0.40,0.40,0.40",,,
20,us,best places to propose italy,italy proposal,,,Location Page,,20,0,0.0,0.33,,,Published,,/destinations/italy,2026-05-27,,"1.00,1.00,1.00,1.00,1.00,1.00,1.00,0.00,1.00,1.00,1.00,1.00",,,
20,us,florence italy proposal,italy proposal,,,Location Page,,20,0,0.0,0.33,,,Published,,/destinations/italy,2026-05-27,,"1.00,1.00,1.00,1.00,1.00,1.00,1.00,1.00,1.00,1.00,1.00,1.00",,,
20,us,italy marriage proposal,italy proposal,,,Location Page,,20,0,0.0,0.33,,,Published,,/destinations/italy,2026-05-27,,"1.00,1.00,1.00,1.00,1.00,1.00,1.00,1.00,1.00,1.00,1.00,0.00",,,
20,us,italy proposal ideas,italy proposal,,,Location Page,,20,0,0.0,0.33,,,Published,,/destinations/italy,2026-05-27,,"0.28,0.28,0.28,0.28,0.28,0.28,0.28,0.28,0.28,0.28,0.28,0.28",,,
20,us,italy proposal package,italy proposal,,,Location Page,,20,0,1.67,0.99,,,Published,,/destinations/italy,2026-05-27,,"0.66,0.66,0.66,0.66,0.66,0.66,0.66,0.66,0.66,0.66,0.66,0.66",,,
20,us,italy proposal package price,italy proposal,,,Location Page,,20,0,0.96,0.66,,,Published,,/destinations/italy,2026-05-27,,"0.00,1.00,1.00,1.00,1.00,1.00,1.00,1.00,1.00,1.00",,,
20,us,italy proposal planner,italy proposal,,,Location Page,,20,0,1.49,0.66,,,Published,,/destinations/italy,2026-05-27,,"0.50,0.50,0.50,0.50,0.50,0.50,0.50,0.50,0.50,0.50,0.50,0.50",,,
20,us,italy proposals,italy proposal,,,Location Page,,20,0,0.0,0.33,,,Published,,/destinations/italy,2026-05-27,,"0.50,1.00,1.00,1.00,1.00,1.00,1.00,1.00,1.00,1.00,1.00,1.00",,,
20,us,marriage proposal in italy,italy proposal,,,Location Page,,20,0,0.0,0.21,,,Published,,/destinations/italy,2026-05-27,,"0.66,0.66,0.66,0.66,0.66,0.66,0.66,0.66,0.66,0.66,0.66,0.66",,,
20,us,marriage proposal italy,italy proposal,,,Location Page,,20,0,0.0,0.33,,,Published,,/destinations/italy,2026-05-27,,"0.66,0.66,0.66,0.66,0.66,0.66,0.66,0.66,0.66,0.66,0.66,0.66",,,
20,us,most romantic place in italy to propose,italy proposal,,,Location Page,,20,0,0.0,0.24,,,Published,,/destinations/italy,2026-05-27,,"0.11,0.11,0.11,0.11,0.11,0.11,0.05,0.11,0.11,0.05,0.11,0.11",,,
20,us,proposal in venice italy,italy proposal,,,Location Page,,20,0,0.0,0.57,,,Published,,/destinations/italy,2026-05-27,,"0.28,0.28,0.28,0.28,0.28,0.28,0.28,0.28,0.28,0.28,0.28,0.28",,,
20,us,proposal photographer venice italy,italy proposal,,,Location Page,,20,0,0.0,1.0,,,Published,,/destinations/italy,2026-05-27,,"0.33,0.66,0.66,0.66,0.66,0.66,0.66,0.66,0.66,0.00,0.66,0.66",,,
20,us,proposal planner in italy,italy proposal,,,Location Page,,20,0,0.0,0.33,,,Published,,/destinations/italy,2026-05-27,,"0.11,0.11,0.11,0.11,0.11,0.11,0.11,0.11,0.11,0.11,0.11,0.11",,,
20,us,proposal planner italy,italy proposal,,,Location Page,,20,0,1.41,0.33,,,Published,,/destinations/italy,2026-05-27,,"0.28,0.28,0.28,0.28,0.28,0.28,0.28,0.28,0.28,0.28,0.28,0.28",,,
20,us,proposal spots in italy,italy proposal,,,Location Page,,20,0,0.0,0.33,,,Published,,/destinations/italy,2026-05-27,,"0.00,0.00,0.50,0.50,1.00,1.00,1.00,1.00,1.00,1.00,1.00,1.00",,,
20,us,where to propose in venice italy,italy proposal,,,Location Page,,20,0,0.0,0.33,,,Published,,/destinations/italy,2026-05-27,,"0.66,0.66,0.66,0.66,0.66,0.66,0.66,0.00,0.66,0.66,0.66,0.66",,,
20,us,proposal maldives,maldives proposal,,,Location Page,,20,0,0.0,0.33,,,,,,,,"0.66,0.00,0.66,0.66,0.66,0.00,0.66,0.66,0.00,0.66,0.66,0.66",,,
20,us,maldives proposal ideas,maldives proposal,,,Location Page,,20,0,0.0,0.33,,,,,,,,"0.66,0.66,0.66,0.66,0.66,0.66,0.66,0.66,0.66,0.66,0.66,0.66",,,
20,us,best place to propose in hawaii,hawaii proposal,,,Location Page,,20,0,0.78,0.33,,,Published,,/destinations/hawaii,2026-05-23,,"0.25,0.75,0.75,0.75,0.50,1.00,1.00,0.25,0.25,0.50,0.50,0.50",,,
20,us,best places to propose hawaii,hawaii proposal,,,Location Page,,20,0,0.0,0.33,,,Published,,/destinations/hawaii,2026-05-23,,"0.09,0.09,0.09,0.09,0.09,0.09,0.09,0.09,0.00,0.09,0.09,0.09",,,
20,us,best places to propose in oahu hawaii,hawaii proposal,,,Location Page,,20,0,1.22,0.5,,,Published,,/destinations/hawaii,2026-05-23,,"0.28,0.28,0.28,0.28,0.28,0.28,0.28,0.28,0.28,0.28,0.28,0.28",,,
20,us,where to propose in hawaii,hawaii proposal,,,Location Page,,20,0,0.69,0.33,,,Published,,/destinations/hawaii,2026-05-23,,"0.66,0.66,1.00,0.66,0.66,1.00,0.66,0.66,0.66,0.66,0.66,0.66",,,
20,us,proposing in hawaii,hawaii proposal,,,Location Page,,20,0,1.11,0.25,,,Published,,/destinations/hawaii,2026-05-23,,"0.28,0.28,0.14,0.14,0.14,0.28,0.14,0.14,0.28,0.28,0.14,0.28",,,
20,us,places to propose in hawaii,hawaii proposal,,,Location Page,,20,0,0.71,0.33,,,Published,,/destinations/hawaii,2026-05-23,,"0.40,0.40,0.40,0.40,0.40,0.40,0.60,0.40,0.60,0.40,0.60,0.60",,,
20,us,proposal photographers hawaii,hawaii proposal,,,Location Page,,20,0,0.0,0.0,,,Published,,/destinations/hawaii,2026-05-23,,"0.25,0.25,0.25,0.50,0.50,1.00,0.75,0.50,0.00,0.00,0.75,0.00",,,
20,us,how to propose in hawaii,hawaii proposal,,,Location Page,,20,0,0.0,0.29,,,Published,,/destinations/hawaii,2026-05-23,,"0.28,0.28,0.28,0.28,0.28,0.28,0.28,0.28,0.28,0.28,0.28,0.28",,,
20,us,hawaii wedding proposal,hawaii proposal,,,Location Page,,20,0,0.0,0.33,,,Published,,/destinations/hawaii,2026-05-23,,"0.00,0.22,0.22,0.22,0.22,0.22,0.22,0.22,0.22,0.22,0.22,0.22",,,
20,us,hawaii beach proposal,hawaii proposal,,,Location Page,,20,0,0.91,0.33,,,Published,,/destinations/hawaii,2026-05-23,,"0.66,0.66,0.66,0.66,0.66,0.66,0.66,0.66,0.66,0.66,0.66,0.66",,,
20,us,hawaii marriage proposal,hawaii proposal,,,Location Page,,20,0,0.74,0.5,,,Published,,/destinations/hawaii,2026-05-23,,"0.09,0.09,0.09,0.09,0.09,0.09,0.09,0.09,0.09,0.09,0.09,0.09",,,
20,us,hawaii proposal planner,hawaii proposal,,,Location Page,,20,0,1.39,0.33,,,Published,,/destinations/hawaii,2026-05-23,,"0.60,0.40,0.40,0.60,0.60,0.40,0.40,0.40,0.40,0.40,0.40,0.40",,,
20,us,hawaii proposal spots,hawaii proposal,,,Location Page,,20,0,0.0,0.33,,,Published,,/destinations/hawaii,2026-05-23,,"0.66,0.66,0.66,0.66,0.66,0.66,0.66,0.66,0.66,0.66,0.66,0.66",,,
20,us,best proposal spots in london,london proposal,,,Location Page,,20,0,0.0,0.33,,,,,,,,"1.00,1.00,1.00,1.00,1.00,1.00,1.00,1.00,1.00,1.00,1.00,1.00",,,
20,us,best proposal spots london,london proposal,,,Location Page,,20,0,0.0,0.0,,,,,,,,"0.66,0.66,0.66,0.66,0.66,0.66,0.66,0.66,0.33,0.66,0.00,0.00",,,
20,us,good places to propose in london,london proposal,,,Location Page,,20,0,0.0,0.14,,,,,,,,"0.00,0.66,0.00,0.66,0.66,0.66,0.66,0.66,0.66,0.66,0.66,0.66",,,
20,us,affordable proposal packages london,london proposal,,,Location Page,,20,0,0.0,0.33,,,,,,,,"0.66,0.66,0.66,0.66,0.66,0.66,1.00,0.66,0.66,0.33,0.66,0.66",,,
20,us,best places in london to propose,london proposal,,,Location Page,,20,0,0.0,0.33,,,,,,,,"0.66,0.66,0.66,0.66,0.66,0.66,0.66,0.66,0.00,0.66,0.66,0.66",,,
20,us,best places to propose london,london proposal,,,Location Page,,20,0,0.0,0.33,,,,,,,,"0.28,0.28,0.28,0.28,0.28,0.28,0.28,0.28,0.28,0.28,0.28,0.28",,,
Skip,us,proposal packages near me,proposal planner,,,Skip,,140,6,0.99,0.56,144.0,"Informational, Transactional",,,,,"Local Pack, Video, Related Searches, AI Overview","0.52,0.52,0.66,0.52,0.52,0.80,0.80,0.66,0.80,0.80,0.80,1.00",90.0,,
20,us,proposal nyc,engagement planner,,,Skip,,260,12,1.74,0.48,180.0,Informational,,,,,"Knowledge Panel, Site Links, Video, Related Searches","0.29,1.00,0.12,0.10,0.07,0.15,0.19,0.12,0.23,0.54,0.81,0.19",20.0,,
19,us,engagement planning,engagement planner,,,Blog,,210,10,1.91,0.85,142.0,Informational,Published,,/blog/engagement-planning,2026-05-20,"Site Links, Video, Related Searches, AI Overview, Image Pack","0.81,0.22,0.22,0.29,0.14,0.43,0.43,0.43,0.43,0.54,0.66,0.43",20.0,,
18,us,where to propose in paris,propose in paris,,,Location Page,,110,5,3.31,0.29,392000000.0,Informational,Published,,/destinations/paris,2026-06-05,"Site Links, Video, Image, Video Carousel, Related Searches, Discussions And Forums, AI Overview","0.29,0.29,0.41,0.41,0.64,1.00,1.00,0.64,0.64,0.82,0.82,0.82",20.0,,
18,us,where to propose in new york,where to propose in,,,Skip,,110,5,1.02,0.38,224000000.0,Informational,,,,,"Site Links, Video, Featured Snippet, People Also Ask, Related Searches","0.33,0.52,0.42,0.42,0.42,0.42,0.52,0.66,0.52,0.66,0.52,0.33",20.0,,
18,us,surprise proposal planning,engagement planner,,,Blog,,90,4,0.0,0.0,153.0,Informational,Published,,/blog/surprise-proposal-planning,2026-05-22,"Site Links, Video, Video Carousel, Related Searches, AI Overview","1.00,0.28,0.64,0.78",20.0,,
18,us,bali wedding proposal,proposal in bali,,,Location Page,,70,3,1.52,0.03,151.0,Informational,Published,,/destinations/bali,2026-05-27,"Knowledge Panel, Video, Video Carousel, Related Searches, Discussions And Forums","0.78,0.21,0.50,1.00,1.00,0.28,0.35,0.50,0.35,0.35,0.50,0.50",70.0,,
18,us,new york marriage proposal ideas,proposal planner,,,Skip,,140,7,1.15,0.62,159000000.0,Informational,,,,,"Video, Image, Related Searches, AI Overview, Site Links","0.28,0.08,0.18,0.28,0.35,0.11,0.18,0.44,0.35,0.06,0.15,0.18",20.0,,
18,us,santorini proposal,santorini proposal,,,Location Page,,210,11,1.58,0.22,151.0,Informational,Published,,/destinations/greece,2026-05-29,"Knowledge Panel, Video, People Also Ask, Related Searches, Short Videos","0.23,0.35,0.35,0.35,0.23,1.00,0.54,0.23,0.18,0.18,0.18,0.23",70.0,,
17,us,nyc proposal packages,engagement planner,,,Skip,,320,18,1.88,0.76,0.0,Informational,,,,,"Site Links, Video, Related Searches","0.44,0.54,0.44,0.44,0.44,0.54,0.54,0.66,0.66,0.81,0.66,0.66",20.0,,
15,us,proposal in hawaii,proposal in Hawaii,,,Location Page,,170,10,0.91,0.18,0.0,Informational,Published,,/destinations/hawaii,2026-05-23,"Video, Image, Video Carousel, Related Searches, Knowledge Panel, Site Links","0.07,0.07,0.07,0.12,0.66,1.00,0.82,0.66,0.66,0.43,0.10,0.12",20.0,,
15,us,nyc proposal planner,proposal planner,,,Skip,,90,5,2.11,0.19,31700000.0,Commercial,,,,,"Image, Related Searches, Site Links, Video","0.50,0.50,0.35,0.50,0.35,0.64,0.78,0.78,1.00,1.00,1.00,1.00",20.0,,
15,us,bali proposal,proposal in bali,,,Location Page,,90,5,1.52,0.03,29700000.0,Informational,Published,,/destinations/bali,2026-05-27,"Knowledge Panel, Image Pack, Site Links, Video, People Also Ask, Related Searches","0.52,0.14,0.52,0.33,0.66,0.19,0.33,0.33,0.23,0.23,0.33,0.33",20.0,,
14,us,proposal set up service,proposal planner,,,Blog,,140,9,1.17,0.53,0.0,Commercial,,,,,"Related Searches, AI Overview, Video","0.34,0.43,0.53,0.43,0.28,0.34,0.53,0.43,0.34,0.28,0.34,0.43",90.0,,
14,us,marriage proposals,engagement planner,,,Blog,,390,27,0.0,0.0,59900000.0,Informational,,,,,"Image Pack, Video, Video Carousel, Related Searches, Things To Know, Discussions And Forums, AI Overview","0.34,0.24,0.20,0.20,0.07,0.00,0.00,0.07,0.04,0.05,0.01,0.04",75.0,,
14,us,proposal in italy,propose in italy,,,Location Page,,110,7,0.87,0.1,123000000.0,Informational,Published,,/destinations/italy,2026-05-27,"Knowledge Panel, Site Links, Video, Image, People Also Ask, Related Searches, Short Videos","0.52,0.52,0.42,0.52,0.52,1.00,1.00,0.52,0.23,0.33,0.66,0.80",20.0,,
13,us,paris proposal planner,proposal planner,,,Location Page,,90,6,4.34,0.47,4160000.0,"Informational, Commercial",Published,,/destinations/paris,2026-06-05,"Related Searches, Site Links, Video, Image","0.11,0.53,0.53,0.34,0.19,0.53,0.34,0.34,0.34,0.19,0.53,0.65",20.0,,
13,us,destination engagement photography,destination engagement,,,Blog,,50,3,0.0,0.86,144.0,Informational,,,,,"Video Carousel, Related Searches, Local Pack, Video, Image","0.41,0.41,0.52,0.52,0.41,0.64,0.41,0.17,0.11,0.05,0.11,0.11",90.0,,
13,us,best places to propose in london,propose in london,,,Location Page,,50,3,0.51,0.14,124.0,"Informational, Commercial",,,,,"Related Searches, AI Overview, Site Links","0.07,0.15,0.07,0.26,0.07,0.26,0.34,0.26,0.15,0.15,0.11,0.15",20.0,,
13,us,portugal proposal,Portugal proposal,,,Location Page,,50,3,0.0,0.07,0.0,Informational,Published,,/destinations/portugal,2026-05-27,"Image, Related Searches, Knowledge Panel, Site Links, Video","0.18,0.45,0.45,0.36,0.27,0.45,0.45,1.00,0.63,0.45,0.63,0.81",20.0,,
12,us,nyc surprise proposal,engagement planner,,,Skip,,110,8,1.24,0.17,49700000.0,Informational,,,,,"Video Carousel, Related Searches, Adwords Middle, Site Links, Video","0.42,0.42,0.42,0.42,0.33,1.00,0.80,0.80,0.66,0.66,0.52,0.52",20.0,,
12,us,hawaii proposals,proposal in Hawaii,,,Location Page,,70,5,0.91,0.18,122.0,Informational,Published,,/destinations/hawaii,2026-05-23,"Related Searches, Knowledge Panel, Site Links, Video, People Also Ask","0.14,0.23,0.14,1.00,0.14,0.23,0.23,0.19,0.19,0.23,0.33,0.23",20.0,,
12,us,best places to propose in the united states,united states proposal,,,Blog,,70,5,1.2,0.15,133000000.0,Commercial,Published,,/blog/best-places-to-propose-in-the-united-states,2026-06-09,"Video, People Also Ask, Related Searches, Discussions And Forums, AI Overview, Site Links","0.52,0.29,0.41,0.29,0.41,0.41,0.41,0.64,0.64,0.52,0.52,0.52",20.0,,
12,us,santorini marriage proposal,santorini proposal,,,Location Page,,140,11,1.58,0.22,0.0,Informational,Published,,/destinations/greece,2026-05-29,"Related Searches, Knowledge Panel, Site Links, Video, Image, Video Carousel","0.28,0.17,0.23,1.00,0.43,0.35,0.35,0.28,0.35,0.23,0.28,0.43",20.0,,
11,us,private engagement proposal ideas,,,,Blog,,210,18,0.56,0.23,147.0,Informational,Published,,,2026-06-07,"AI Overview, Image Pack, Site Links, Video, Related Searches","0.54,1.00,0.29,0.81,0.54,0.18,0.22,0.54,0.10,0.04,0.35,0.22",20.0,,
11,us,wedding planner business proposal,proposal planner,,,Blog,,140,12,2.69,0.03,35100000.0,Informational,,,,,"Video, Image, Video Carousel, Related Searches, Discussions And Forums, Image Pack, Site Links","1.00,1.00,0.34,0.65,0.53,0.53,0.65,0.34,0.42,0.34,0.42,0.34",20.0,,
11,us,marry me proposal,,,,Blog,,320,29,0.72,0.97,74300000.0,Informational,Published,,,2026-06-07,"Site Links, Video, Related Searches, Image Pack","0.54,0.44,0.44,0.44,0.35,0.44,0.66,0.44,0.54,0.54,0.44,0.35",20.0,,
10,us,proposal setup ideas,,,,Blog,,260,24,0.45,0.99,48500000.0,Informational,,,,,"Video, Image, People Also Ask, Related Searches, AI Overview, Image Pack, Site Links","0.43,0.66,0.53,0.53,0.82,0.66,0.66,0.82,0.66,0.53,0.66,0.66",20.0,,
10,us,private dining proposal santorini,santorini proposal,,,Location Page,,10,0,0.0,0.0,,,Published,,/destinations/greece,2026-05-29,,"0.00,0.00,0.00,0.22,0.22,0.00,0.22,0.00,0.00,0.00,0.00,0.00",,,
10,us,santorini proposal places,santorini proposal,,,Location Page,,10,0,0.0,0.33,,,Published,,/destinations/greece,2026-05-29,,"0.66,0.66,0.00,0.00,0.66,0.00,0.66,0.00,0.00,0.00,0.66,0.00",,,
10,us,santorini private terrace proposal,santorini proposal,,,Location Page,,10,0,0.0,0.33,,,Published,,/destinations/greece,2026-05-29,,"0.18,0.00,0.00,0.18,0.00,0.00,0.18,0.00,0.00,0.00,0.18,0.00",,,
10,us,santorini greece wedding proposal,santorini proposal,,,Location Page,,10,0,0.0,0.0,,,Published,,/destinations/greece,2026-05-29,,"0.66,0.00,0.66,0.00,0.66,0.66,0.66,0.00,0.66,0.66,0.00,0.66",,,
10,us,proposal santorini,santorini proposal,,,Location Page,,10,0,1.55,0.22,,,Published,,/destinations/greece,2026-05-29,,"0.00,0.00,0.11,0.22,0.00,0.22,0.11,0.00,0.00,0.00,0.00,0.00",,,
10,us,proposal photographer santorini,santorini proposal,,,Location Page,,10,0,2.05,0.99,,,Published,,/destinations/greece,2026-05-29,,"0.00,0.00,0.00,0.00,0.00,0.28,1.00,0.00,0.00,0.00,0.00,0.00",,,
10,us,marriage proposal santorini,santorini proposal,,,Location Page,,10,0,1.55,0.22,,,Published,,/destinations/greece,2026-05-29,,"0.00,0.00,0.00,0.00,0.25,0.50,0.25,0.25,0.00,0.00,0.50,0.25",,,
10,us,best place to propose santorini,santorini proposal,,,Location Page,,10,0,0.0,0.33,,,Published,,/destinations/greece,2026-05-29,,"1.00,0.00,0.00,0.00,1.00,1.00,1.00,0.00,1.00,0.00,1.00,1.00",,,
10,us,tulum proposal package,tulum proposal,,,Location Page,,10,0,0.0,0.0,,,Published,,/destinations/tulum,2026-05-27,,"0.33,0.66,0.33,0.33,0.00,0.33,0.00,1.00,0.33,0.00,0.00,0.33",,,
10,us,tulum marriage proposal,tulum proposal,,,Location Page,,10,0,0.0,0.0,,,Published,,/destinations/tulum,2026-05-27,,"0.33,0.66,0.33,0.33,0.33,1.00,0.66,1.00,0.00,0.00,0.00,0.00",,,
10,us,portugal proposal package,Portugal proposal,,,Location Page,,10,0,0.0,0.0,,,Published,,/destinations/portugal,2026-05-27,,"0.00,1.00,1.00",,,
10,us,portugal proposal spots,Portugal proposal,,,Location Page,,10,0,0.0,0.0,,,Published,,/destinations/portugal,2026-05-27,,"1.00,1.00,1.00,1.00,1.00,1.00,1.00,1.00,0.00,1.00,0.00,1.00",,,
10,us,switzerland proposals,Switzerland proposal,,,Location Page,,10,0,0.0,0.0,,,Published,,/destinations/switzerland,2026-05-27,,"0.00,1.00,1.00,0.00,1.00,1.00,1.00,1.00,1.00,0.00,0.00,0.00",,,
10,us,proposal switzerland,Switzerland proposal,,,Location Page,,10,0,0.0,0.33,,,Published,,/destinations/switzerland,2026-05-27,,"0.00,0.50,0.50,0.50,0.00,0.00,0.50,0.00,0.00,1.00,1.00,1.00",,,
10,us,best place to propose in switzerland,Switzerland proposal,,,Location Page,,10,0,0.0,0.33,,,Published,,/destinations/switzerland,2026-05-27,,"0.33,0.00,0.66,0.33,0.66,0.33,0.33,0.33,0.00,0.33,0.33,0.00",,,
10,us,costa rica proposal photographer,costa rica proposal,,,Location Page,,10,0,0.0,0.0,,,Published,,/destinations/costa-rica,2026-05-28,,"0.00,0.00,0.00,0.00,0.00,0.00,0.00,0.00,0.00,0.00,0.28,1.00",,,
10,us,marriage proposal in greece,greece proposal,,,Location Page,,10,0,0.0,0.33,,,Published,,/destinations/greece,2026-05-29,,"0.00,0.00,0.00,0.00,0.00,0.00,0.00,1.00,1.00,1.00,0.00,1.00",,,
10,us,proposing in greece,greece proposal,,,Location Page,,10,0,1.18,0.33,,,Published,,/destinations/greece,2026-05-29,,"0.00,0.00,0.00,0.00,0.00,0.18,0.63,0.00,0.00,0.00,0.00,0.00",,,
10,us,amalfi coast italy proposal,italy proposal,,,Location Page,,10,0,0.0,0.33,,,Published,,/destinations/italy,2026-05-27,,"0.50,0.00,0.00,0.00,0.50,0.00,1.00,1.00,1.00,1.00,1.00",,,
10,us,maldives beach proposal locations,maldives proposal,,,Location Page,,10,0,0.0,0.0,,,,,,,,"0.50,1.00,0.50",,,
10,us,surprise proposal photographer hawaii,hawaii proposal,,,Location Page,,10,0,0.0,0.0,,,Published,,/destinations/hawaii,2026-05-23,,"0.50,0.50,0.50,1.00,0.50,0.50,0.50,0.00,0.00,0.00,0.00,0.00",,,
10,us,reddit best proposal spot in hawaii,hawaii proposal,,,Skip,,10,0,0.0,0.0,,,,,,,,"1.00,0.00",,,
10,us,reddit are proposal services worth it in hawaii,hawaii proposal,,,Skip,,10,0,0.0,0.0,,,,,,,,"1.00,0.00",,,
10,us,propose in hawaii,hawaii proposal,,,Location Page,,10,0,1.11,0.25,,,Published,,/destinations/hawaii,2026-05-23,,"0.14,0.28,0.00,0.28,0.00,0.28,0.14,0.14,0.14,0.00,0.00,0.00",,,
10,us,proposals in hawaii,hawaii proposal,,,Location Page,,10,0,1.11,0.25,,,Published,,/destinations/hawaii,2026-05-23,,"0.33,0.66,0.33,0.33,0.33,0.66,0.33,0.33,0.33,0.33,0.66,0.33",,,
10,us,proposals hawaii,hawaii proposal,,,Location Page,,10,0,0.0,0.0,,,Published,,/destinations/hawaii,2026-05-23,,1,,,
10,us,proposal ideas in hawaii,hawaii proposal,,,Location Page,,10,0,0.93,0.31,,,Published,,/destinations/hawaii,2026-05-23,,"0.14,0.04,0.04,0.04,0.00,0.04,0.04,0.04,0.04,0.04,0.04,0.04",,,
10,us,maui hawaii proposal,hawaii proposal,,,Location Page,,10,0,0.0,0.0,,,Published,,/destinations/hawaii,2026-05-23,,"0.00,0.00,0.00,0.00,0.00,0.00,0.00,1.00,0.66",,,
10,us,helicopter proposal in hawaii,hawaii proposal,,,Location Page,,10,0,0.0,0.0,,,Published,,/destinations/hawaii,2026-05-23,,"0.66,0.00,0.66,0.00,0.00,0.00,0.66,0.66,0.00,0.00,0.00,0.00",,,
10,us,hawaii surprise proposal photographer,hawaii proposal,,,Location Page,,10,0,0.0,0.0,,,Published,,/destinations/hawaii,2026-05-23,,"0.00,0.50,1.00,0.50,0.50,0.50,0.00,0.00,0.00,0.00,0.00",,,
10,us,hawaii proposal drone,hawaii proposal,,,Location Page,,10,0,0.0,0.33,,,Published,,/destinations/hawaii,2026-05-23,,"0.00,0.00,0.00,0.00,0.00,0.33,1.00,0.33,0.00,0.33,0.66,0.66",,,
10,us,best proposal spots in hawaii,hawaii proposal,,,Location Page,,10,0,0.0,0.0,,,Published,,/destinations/hawaii,2026-05-23,,"0.00,0.00,0.50,1.00,0.50,0.50,0.00,0.00",,,
10,us,best places to propose in europe,propose in europe,,,Blog,,50,4,0.0,0.05,64600000.0,Commercial,Published,,,2026-06-06,"AI Overview, Site Links, Video, Related Searches, Discussions And Forums","0.45,0.81,0.45,0.63,0.63,0.45,0.63,0.45,0.36,0.27,0.36,0.36",20.0,,
10,us,tulum proposal,tulum proposal,,,Location Page,,50,4,0.0,0.13,115.0,Informational,Published,,/destinations/tulum,2026-05-27,"Knowledge Panel, Site Links, Video, Image, Related Searches","0.44,0.44,0.44,0.33,0.44,0.55,0.55,0.77,0.33,0.55,0.77,1.00",20.0,,
10,us,proposal in bali,propose in bali,,,Location Page,,70,6,1.52,0.03,6070.0,Informational,Published,,/destinations/bali,2026-05-27,"AI Overview, Knowledge Panel, Site Links, Video, Related Searches","0.78,0.50,0.50,1.00,1.00,0.28,0.07,0.50,0.35,0.35,0.14,0.50",20.0,,
10,us,wedding proposal in amalfi coast,propose in Amalfi Coast,,,Location Page,,70,6,0.0,0.0,0.0,Informational,Published,,/destinations/italy,2026-05-27,"Discussions And Forums, Local Pack, Video, Image, Video Carousel, Related Searches","0.82,1.00,0.41,0.41,0.41,0.41,0.23,0.29,0.05,0.05,0.00,0.05",90.0,,
10,us,how to plan a marriage proposal,proposal planner,,,Blog,,210,20,0.75,0.33,143000000.0,Informational,,,,,"Video Carousel, People Also Ask, Related Searches, Discussions And Forums, Site Links, Video","0.65,1.00,1.00,0.53,0.53,0.80,0.80,1.00,0.53,0.80,0.80,0.65",20.0,,
9,us,proposal oahu,proposal in Hawaii,,,Location Page,,140,14,0.0,0.0,0.0,Commercial,Published,,/destinations/hawaii,2026-05-23,"Related Searches, Local Pack, Site Links, Video","0.00,0.00,0.00,0.01,0.00,0.35,1.00,0.54,0.35,0.35,0.28,0.28",20.0,,
9,us,best places to propose in paris,propose in paris,,,Location Page,,110,11,2.58,0.25,40500000.0,"Informational, Commercial",Published,,/destinations/paris,2026-06-05,"Site Links, Video, Image, Video Carousel, Related Searches, Discussions And Forums, AI Overview","0.29,0.82,0.52,0.82,0.64,1.00,1.00,0.64,0.64,0.82,0.64,0.82",20.0,,
9,us,london proposal,london proposal,,,Location Page,,90,9,0.7,0.09,239000000.0,Informational,,,,,"Site Links, Video, Related Searches, AI Overview","0.63,0.63,1.00,1.00,0.63,1.00,1.00,0.63,0.45,0.81,0.81,0.81",20.0,,
8,us,proposal set ups,proposal planner,,,Blog,,110,12,0.79,0.93,78500000.0,Informational,,,,,"Related Searches, AI Overview, Image Pack, Site Links, Video, Image, People Also Ask","0.41,0.52,0.52,0.41,0.82,0.82,0.52,0.82,1.00,0.64,1.00,0.64",20.0,,
8,us,marriage proposal planning services,proposal planner,,,Blog,,110,12,1.37,0.07,141.0,Commercial,,,,,"Related Searches, AI Overview, Site Links, Video","0.15,0.34,0.26,0.34,0.53,0.53,0.42,1.00,0.65,0.53,0.26,0.53",20.0,,
8,us,proposal services,proposal planner,,,Blog,,210,24,1.33,0.28,0.0,Commercial,,,,,"Related Searches, Local Pack, Site Links, Video","0.18,0.18,0.23,0.18,0.18,0.28,0.28,0.28,0.35,0.35,0.23,0.28",20.0,,
8,us,engagement planner,proposal planner,,,Blog,,320,38,1.91,0.85,119000000.0,Commercial,,,,,"Site Links, Video, People Also Ask, Popular Products, Related Searches, Local Pack","0.35,1.00,0.35,0.44,0.44,0.54,0.44,0.54,0.54,0.66,0.54,0.66",20.0,,
8,us,best places to propose in united states,united states proposal,,,Blog,,90,10,1.2,0.15,135000000.0,Commercial,,,,,"Site Links, Video, People Also Ask, Related Searches, Discussions And Forums, AI Overview","0.33,0.66,0.42,0.33,0.52,0.66,0.33,0.52,0.23,0.19,0.42,0.23",20.0,,
8,us,proposal in portugal,propose in Portugal,,,Blog,,40,4,0.0,0.0,114.0,Informational,Published,,/destinations/portugal,2026-05-27,"AI Overview, Knowledge Panel, Site Links, Video, Related Searches","0.20,0.80,0.80,0.80,0.60,0.80,1.00,0.80,0.80,0.80,0.80,1.00",20.0,,
8,us,marriage proposal bali,proposal in bali,,,Blog,,70,8,1.52,0.03,4630000.0,Commercial,Published,,/destinations/bali,2026-05-27,"Video, Image, Related Searches","0.78,0.21,0.50,1.00,1.00,0.28,0.35,0.50,0.35,0.35,0.50,0.50",90.0,,
8,us,santorini wedding proposal,santorini proposal,,,Location Page,,70,8,1.58,0.22,597000.0,Informational,Published,,/destinations/greece,2026-05-29,"Site Links, Video, Video Carousel, Related Searches, Short Videos, Knowledge Panel","0.35,0.28,0.14,1.00,0.28,1.00,1.00,0.28,0.28,0.28,0.21,0.50",20.0,,
8,us,marraige proposal,proposal planner,,,Blog,,140,17,1.0,0.06,187000000.0,Informational,,,,,"AI Overview, Image Pack, Video, Video Carousel, Related Searches, Short Videos, Things To Know, Discussions And Forums","0.00,0.44,0.00,0.29,0.00,0.00,1.00,0.36,0.01,0.01,0.00,0.00",75.0,,
Skip,us,dallas proposal planner,proposal planner,,,Skip,,50,6,1.75,0.22,0.0,"Informational, Commercial",,,,,"Video, Related Searches","0.33,0.33,0.22,0.22,0.44,1.00,1.00,0.77,0.77,0.77,0.77,0.33",90.0,,
7,us,best place to propose in italy,propose in italy,,,Location Page,,50,6,1.47,0.18,77200000.0,Commercial,Published,,/destinations/italy,2026-05-27,"People Also Ask, Related Searches, AI Overview, Site Links, Video, Image","0.18,0.27,0.27,0.45,0.45,0.81,1.00,0.63,0.18,0.18,0.36,0.27",20.0,,
7,us,wedding proposal planning,engagement planner,,,Blog,,50,6,1.46,0.1,17500000.0,Informational,,,,,"Local Pack, Site Links, Video, Related Searches, Discussions And Forums, AI Overview","0.00,0.00,0.00,0.07,0.00,1.00,1.00,0.64,0.78,0.64,0.50,0.78",20.0,,
7,us,most romantic places to propose,most romantic proposal,,,Blog,,70,9,0.64,0.2,13200000.0,Informational,,,,,"Related Searches, Discussions And Forums, AI Overview, Site Links, Video","0.17,0.12,0.10,0.17,0.17,0.28,0.23,0.23,0.17,0.17,0.12,0.12",20.0,,
7,us,marriage proposal london,london proposal,,,Location Page,,70,9,0.7,0.09,40200000.0,Informational,,,,,"Site Links, Video, Related Searches, Discussions And Forums","0.35,0.21,0.50,0.64,0.50,0.28,0.35,0.50,0.35,0.50,0.50,0.64",20.0,,
7,us,proposal setups,engagement planner,,,Blog,,90,12,1.01,0.44,11900000.0,Commercial,,,,,"Video Carousel, People Also Ask, Related Searches, Site Links, Video, Image","0.33,0.33,0.42,0.52,0.52,0.42,0.52,0.52,0.33,0.42,0.42,0.66",20.0,,
7,us,cancun proposal planner,proposal planner,,,Skip,,40,5,1.54,0.15,125.0,Informational,,,,,"Knowledge Panel, Site Links, Video, Related Searches","0.42,0.71,0.42,0.42,0.42,0.57,0.71,0.71,0.57,0.57,0.71,0.71",20.0,,
7,us,luxury proposal,,,,Blog,,40,5,1.3,0.45,77300000.0,Informational,Published,,/blog/luxury-proposal,2026-06-13,"Site Links, Video, Image, Video Carousel, Related Searches","0.11,0.29,0.23,0.29,0.23,0.29,0.23,0.11,0.11,0.11,0.41,0.23",20.0,,
6,us,wedding proposal bali,proposal in bali,,,Location Page,,90,13,0.0,0.01,0.0,Informational,Published,,/destinations/bali,2026-05-27,"Video, Related Searches, Short Videos","0.64,0.17,0.41,0.82,0.82,0.23,0.05,0.41,0.29,0.29,0.00,0.41",90.0,,
6,us,proposal hawaii,proposal in Hawaii,,,Location Page,,90,13,0.91,0.18,132.0,Informational,Published,,/destinations/hawaii,2026-05-23,"Knowledge Panel, Site Links, Video, Related Searches","0.23,0.33,0.42,0.42,0.52,0.52,0.66,0.52,0.33,0.33,0.33,1.00",20.0,,
6,us,maldives proposal,Maldives proposal,,,Location Page,,50,7,0.0,0.01,132.0,Informational,,,,,"Video Carousel, Related Searches, Site Links, Video, Image","0.15,0.26,0.19,0.34,0.19,0.07,0.15,0.11,0.11,0.15,0.26,0.19",20.0,,
6,us,proposal italy,italy proposal,,,Location Page,,50,7,0.0,0.03,145000000.0,Informational,Published,,/destinations/italy,2026-05-27,"Knowledge Panel, Site Links, Video, Image, Related Searches","0.45,0.45,0.45,0.63,0.45,0.81,0.81,0.63,0.18,0.36,0.63,0.45",20.0,,
Skip,us,engagement planner near me,proposal planner,,,Skip,,110,17,1.94,0.43,104000000.0,Transactional,,,,,"Local Pack, Site Links, Related Searches","0.41,0.41,0.41,0.41,0.41,0.64,0.82,1.00,1.00,1.00,1.00,0.64",20.0,,
6,us,engagement proposal planner,proposal planner,,,Blog,,170,27,1.28,0.16,16900000.0,Commercial,,,,,"Site Links, Video, People Also Ask, Related Searches","0.65,0.80,0.80,0.65,0.53,0.80,0.65,0.80,0.80,0.53,0.53,0.65",20.0,,
6,us,proposal planning,proposal planner,,,Blog,,260,42,1.35,0.1,353000000.0,Informational,,,,,"Local Pack, Site Links, Video, Related Searches, AI Overview","0.12,1.00,0.15,0.19,0.19,0.23,0.36,0.23,0.23,0.19,0.07,0.29",20.0,,
6,us,proposal bali,proposal in bali,,,Location Page,,70,11,1.52,0.03,24000000.0,Informational,Published,,/destinations/bali,2026-05-27,"Knowledge Panel, Site Links, Video, People Also Ask, Related Searches","0.78,0.21,0.50,1.00,1.00,0.28,0.00,0.50,0.35,0.35,0.00,0.50",20.0,,
6,us,engagement setup,proposal planner,,,Blog,,140,23,0.96,0.93,405000000.0,Informational,,,,,"Site Links, Video, Image, Related Searches, Things To Know, Image Pack","0.65,0.34,0.42,0.80,0.65,0.42,0.42,0.34,0.34,0.53,0.53,1.00",20.0,,
6,us,london proposal packages,london proposal,,,Location Page,,40,6,0.0,0.06,224000000.0,Informational,,,,,"Site Links, Video, Related Searches","0.22,0.44,0.44,0.44,0.44,0.33,0.77,0.33,0.44,0.22,0.22,0.22",20.0,,
5,us,destination proposal,destination proposal,,,Blog,,70,12,1.35,0.17,0.0,Informational,,,,,"Site Links, Video, Related Searches, Discussions And Forums, AI Overview","0.50,0.35,0.64,0.64,0.50,0.64,1.00,0.35,0.78,0.28,0.78,0.64",20.0,,
5,us,hawaiian picnic,proposal in Hawaii,,,Skip,,70,12,1.3,0.06,25500000.0,Informational,,,,,"Related Searches, AI Overview, Image Pack, Video, Image, People Also Ask","0.29,0.23,0.52,0.64,0.64,0.64,0.64,0.23,0.11,0.17,0.17,0.17",75.0,,
5,us,santorini proposal packages,santorini proposal,,,Location Page,,40,7,1.64,0.28,0.0,Informational,Published,,/destinations/greece,2026-05-29,"Knowledge Panel, Video, Related Searches","0.18,0.18,0.18,0.18,0.18,1.00,1.00,0.18,0.18,0.18,0.18,0.18",70.0,,
Skip,us,proposal set up near me,proposal planner,,,Skip,,110,21,0.96,0.55,282000000.0,"Informational, Transactional",,,,,"Local Pack, Video, Related Searches, AI Overview","0.34,0.34,0.26,0.42,0.53,0.53,0.53,0.65,0.53,0.42,0.53,1.00",90.0,,
5,us,greece proposal,greece proposal,,,Location Page,,140,27,1.46,0.07,78700000.0,Informational,Published,,/destinations/greece,2026-05-29,"Video Carousel, People Also Ask, Related Searches, Things To Know, Site Links, AI Overview, Image Pack, Video, Image","0.34,0.42,0.42,0.42,0.34,1.00,1.00,0.34,0.42,0.34,0.34,0.53",20.0,,
5,us,proposal agency,engagement planner,,,Blog,,140,28,2.99,0.45,266000000.0,Commercial,,,,,"Video, Related Searches","0.04,0.04,0.02,0.04,0.02,0.18,0.18,0.66,0.66,1.00,0.66,0.18",75.0,,
5,us,proposal setup service,engagement planner,,,Blog,,90,18,1.17,0.53,99400000.0,Informational,,,,,"Site Links, Related Searches, AI Overview","1.00,0.19,0.26,0.19,0.19,0.19,0.26,0.19,0.19,0.42,0.34,0.26",20.0,,
5,us,proposal pack,proposal in Hawaii,,,Blog,,70,14,0.91,0.86,105000000.0,"Navigational, Commercial",,,,,"Site Links, Video, Adwords Bottom, Video Carousel, Popular Products, Related Searches, Knowledge Panel, Image Pack","0.80,0.33,0.52,1.00,0.42,0.09,0.23,0.04,0.04,0.04,0.09,0.66",20.0,,
5,us,proposal in paris,propose in paris,,,Location Page,,110,23,4.91,0.17,145000000.0,Informational,Published,,/destinations/paris,2026-06-05,"Video, Image, Video Carousel, Related Searches, Short Videos, Adwords Middle, Knowledge Panel, Site Links","0.03,0.04,0.02,0.05,0.04,0.07,0.05,0.07,0.08,0.07,0.07,0.08",20.0,,
5,us,propose in paris,propose in paris,,,Location Page,,110,23,3.06,0.45,314000000.0,Informational,Published,,/destinations/paris,2026-06-05,"AI Overview, Site Links, Video, Image, Video Carousel, Related Searches","0.15,0.23,0.18,0.15,0.28,0.28,0.23,0.18,0.08,0.08,0.23,0.18",20.0,,
4,us,proposal planning services,proposal planner,,,Blog,,110,25,1.37,0.07,238000000.0,Commercial,,,,,"People Also Ask, Related Searches, Local Pack, Site Links, Video","0.23,0.52,0.64,0.52,0.82,0.82,1.00,0.82,0.64,0.82,0.82,0.82",20.0,,
4,us,proposal destinations,destination proposal,,,Blog,,50,11,1.35,0.17,47400000.0,Informational,,,,,"Discussions And Forums, AI Overview, Site Links, Video, Video Carousel, People Also Ask, Related Searches","0.63,0.45,0.27,0.81,0.36,0.81,0.45,0.18,0.45,0.45,0.63,0.45",20.0,,
Skip,us,proposal services near me,engagement planner,,,Skip,,70,16,1.66,0.29,282000000.0,"Informational, Transactional",,,,,"Site Links, Video, Related Searches, AI Overview, Local Pack","0.27,0.27,0.45,0.27,0.45,0.63,0.81,1.00,1.00,0.63,0.27,0.63",20.0,,
4,us,marriage proposal services,proposal planner,,,Blog,,110,27,1.33,0.28,97700000.0,Commercial,,,,,"Local Pack, Site Links, Video, Related Searches, Discussions And Forums","0.28,0.28,0.23,0.23,0.28,0.23,0.28,0.28,0.28,0.23,0.17,0.35",20.0,,
4,us,wedding planner proposal,proposal planner,,,Blog,,90,23,3.2,0.21,58700000.0,"Informational, Commercial",,,,,"Image, Adwords Bottom, Related Searches, Discussions And Forums, AI Overview, Site Links, Video","0.02,0.03,0.03,0.03,0.02,0.04,0.04,0.03,0.05,0.03,0.02,0.02",20.0,,
4,us,marry me proposal set up,,,,Blog,,90,24,0.4,1.0,69400000.0,Informational,,,,,"Related Searches, Discussions And Forums, AI Overview, Site Links, Video, Video Carousel","0.52,0.33,0.42,0.52,0.33,0.19,0.33,0.33,0.33,0.33,0.33,0.19",20.0,,
4,us,wedding proposal planning services,proposal planner,,,Blog,,140,38,1.37,0.07,26000000.0,Commercial,,,,,"Site Links, Video, Related Searches, Discussions And Forums, Local Pack","0.10,0.17,0.17,0.17,0.17,0.35,0.66,0.23,0.53,1.00,0.53,0.35",20.0,,
4,us,best proposal destinations,destination proposal,,,Blog,,50,13,0.98,0.15,39800000.0,Commercial,,,,,"AI Overview, Site Links, Video, Video Carousel, People Also Ask, Related Searches, Discussions And Forums","0.01,0.01,0.00,0.03,0.01,0.01,0.01,1.00,0.01,0.00,0.00,0.01",20.0,,
3,us,proposal help,,,,Blog,,90,25,1.2,0.38,0.0,Informational,,,,,"Site Links, Video, Video Carousel, Related Searches, Discussions And Forums","0.10,0.12,0.12,0.17,0.17,0.35,0.28,0.28,0.28,0.35,0.28,0.35",20.0,,
3,us,proposal planners,proposal planner,,,Blog,,140,40,1.35,0.1,309000000.0,Commercial,,,,,"Local Pack, Site Links, Video, Related Searches, AI Overview","0.28,0.28,0.28,0.53,0.43,0.53,0.53,0.53,0.53,0.43,0.53,0.81",20.0,,
3,us,proposals in italy,italy proposal,,,Location Page,,30,8,1.54,0.18,0.0,Informational,Published,,/destinations/italy,2026-05-27,"Site Links, Video, Image, Related Searches, See Results About, AI Overview","0.00,0.11,0.11,1.00,0.77,1.00,0.11,0.11,0.11,0.11,0.11,0.22",20.0,,
3,us,proposal event organizer,engagement planner,,,Blog,,70,20,3.77,0.2,31600000.0,Informational,,,,,"Video, Related Searches, Image Pack","0.26,0.26,0.26,0.26,0.19,0.19,0.19,0.26,0.42,0.42,0.34,0.26",90.0,,
3,us,proposal event planner,proposal planner,,,Blog,,110,32,1.12,0.44,53600000.0,Commercial,,,,,"Related Searches, Site Links, Video","0.28,0.43,0.12,0.34,0.34,0.65,0.43,0.43,0.21,0.34,0.21,0.21",20.0,,
3,us,proposal company,engagement planner,,,Blog,,90,28,1.37,0.27,349000000.0,Informational,,,,,"Video, Related Searches, Knowledge Panel","0.06,0.08,0.08,0.08,0.06,0.10,0.08,0.06,0.05,0.05,0.06,0.13",70.0,,
3,us,destination proposals,destination proposal,,,Blog,,40,12,1.35,0.17,0.0,Informational,,,,,"Related Searches, Site Links, Video, Featured Snippet, Image","0.27,0.18,0.18,0.27,0.09,0.45,0.45,0.36,0.45,0.45,0.63,0.36",20.0,,
3,us,wedding proposal services,proposal planner,,,Blog,,110,36,1.33,0.28,75600000.0,Commercial,,,,,"Local Pack, Site Links, Video, Related Searches, Discussions And Forums","0.52,0.82,0.82,0.64,0.64,0.41,0.41,0.52,1.00,0.52,0.29,0.29",20.0,,
3,us,wedding proposal company,engagement planner,,,Blog,,70,23,1.37,0.27,195.0,Commercial,,,,,"Site Links, Video, People Also Ask, Related Searches, Discussions And Forums","0.63,0.27,0.63,0.63,0.63,0.81,0.63,0.63,0.81,0.45,0.45,0.63",20.0,,
3,us,propose in italy,propose in italy,,,Location Page,,40,14,1.54,0.18,0.0,Informational,Published,,/destinations/italy,2026-05-27,"Site Links, Video, Image, Related Searches, AI Overview","0.28,0.28,0.28,0.28,1.00,1.00,1.00,0.71,0.28,0.28,0.28,0.28",20.0,,
2,us,custom proposal,engagement planner,,,Blog,,70,28,3.64,0.97,141.0,Informational,,,,,"Related Searches, AI Overview, Image Pack, Site Links, Video, Video Carousel, People Also Ask","0.21,0.15,0.15,0.12,0.12,0.21,0.15,0.15,0.15,0.34,0.28,0.28",20.0,,
2,us,marriage proposal planner,proposal planner,,,Blog,,90,37,1.35,0.1,142.0,Informational,,,,,"Site Links, Video, People Also Ask, Related Searches","0.23,0.64,0.64,0.64,0.64,0.64,0.82,0.64,0.52,0.64,0.23,0.52",20.0,,
2,us,proposals in greece,propose in greece,,,Location Page,,30,12,1.0,0.12,4710.0,Informational,Published,,/destinations/greece,2026-05-29,"Site Links, Video, People Also Ask, Related Searches, Short Videos, AI Overview","0.18,0.18,0.18,0.18,0.18,1.00,0.81,0.18,0.18,0.18,0.18,0.18",20.0,,
Skip,us,proposal planners near me,engagement planner,,,Skip,,50,23,1.25,0.23,0.0,Transactional,,,,,"Local Pack, Video, Related Searches","0.27,0.27,1.00,0.45,0.27,0.18,1.00,0.63,1.00,0.63,0.45,0.63",90.0,,
2,us,engagement setup service,engagement planner,,,Blog,,50,25,1.74,0.55,146.0,Informational,,,,,"Local Pack, Site Links, Video, Related Searches, AI Overview","0.42,0.71,0.57,0.57,0.57,0.42,0.71,0.71,1.00,0.71,0.71,1.00",20.0,,
2,us,italian proposal,italy proposal,,,Location Page,,50,26,1.41,0.04,150000000.0,Informational,Published,,/destinations/italy,2026-05-27,"People Also Ask, Related Searches, Knowledge Panel, Site Links, Video, Image, Video Carousel","0.77,0.55,0.77,0.55,0.55,0.77,1.00,0.77,0.11,0.33,0.33,0.44",20.0,,
2,us,wedding proposal coordinator,engagement planner,,,Blog,,30,17,1.43,0.32,3920000.0,"Informational, Commercial",,,,,"AI Overview, Site Links, Video, People Also Ask, Related Searches, Discussions And Forums","0.11,0.11,0.11,0.11,0.11,0.41,0.29,0.29,0.29,0.23,0.11,0.29",20.0,,
2,us,new york proposal planner,proposal planner,,,Skip,,50,31,1.88,0.3,0.0,Commercial,,,,,"Site Links, Video, Related Searches","0.77,0.44,0.77,0.77,0.44,0.77,0.55,0.77,1.00,0.77,0.55,0.77",20.0,,
2,us,planned proposal,engagement planner,,,Blog,,40,25,1.35,0.1,132.0,Informational,,,,,"People Also Ask, Related Searches, AI Overview, Site Links, Video, Video Carousel","0.00,0.00,0.00,0.00,0.00,0.00,0.00,0.09,0.09,1.00,1.00,0.66",20.0,,
2,us,luxury proposals,,,,Blog,,30,19,1.3,0.45,31600000.0,Informational,,,,,"Video, Adwords Bottom, Related Searches","0.18,0.27,0.36,0.45,0.18,0.36,0.45,0.18,0.18,0.27,0.18,0.45",75.0,,
1,us,event planner proposal template,proposal planner,,,Blog,,30,25,3.57,0.43,83000000.0,Informational,,,,,"Site Links, Video, Adwords Bottom, People Also Ask, Related Searches, AI Overview, Image Pack","0.27,0.09,0.00,0.09,0.45,0.18,0.45,0.27,0.36,0.36,0.18,0.09",20.0,,
1,us,event planner proposal,proposal planner,,,Blog,,30,28,3.77,0.2,142.0,Informational,,,,,"Related Searches, AI Overview, Image Pack, Site Links, Video, Image, Video Carousel","0.34,0.11,0.19,0.00,0.07,0.00,0.00,0.15,0.11,0.15,0.11,0.00",20.0,,
15,us,best month to propose,,,,Blog,,140,8,0.0,0.0,,Informational,Published,,/blog/best-month-to-propose,2026-06-24,"Related Searches, AI Overview, People Also Ask",,,Added off-priority-list; estimates,,
20,us,proposal photographer cost,proposal photographer,,,Blog,,70,6,1.45,0.32,,Commercial,Published,,/blog/proposal-photographer-cost,2026-06-24,"People Also Ask, Related Searches, AI Overview",,,Added off-priority-list,,
25,us,empire state building proposal,,,,Blog,,,,,,,Informational,Published,,/blog/empire-state-building-proposal,2026-07-01,"News, Breaking",,,Newsjacking July 2026 climbers,,
30,us,how to hide the ring while traveling,,,,Blog,,320,8,,,Informational,Published,,/blog/how-to-hide-the-ring-while-traveling,2026-07-01,"People Also Ask, Related Searches",,,From original roadmap placeholder,,
18,us,what to say when proposing,,,,Blog,,300,15,,,Informational,Published,,/blog/what-to-say-when-proposing,2026-07-01,"People Also Ask, Related Searches, AI Overview",,,Added off-priority-list,,
